date,client_id,produit,prix,quantite,region,ca
2025-12-05,C001,Produit_8,75.31,2,Est,150.62
2026-01-12,C099,Produit_6,81.35,2,Ouest,162.7
2026-01-01,C100,Produit_4,22.59,3,Ouest,67.77
2026-02-02,C061,Produit_3,38.76,4,Est,155.04
2026-03-05,C011,Produit_9,67.08,1,Ouest,67.08
2026-01-13,C075,Produit_4,37.52,4,Est,150.08
2026-02-11,C100,Produit_1,32.95,1,Sud,32.95
2026-01-08,C044,Produit_3,25.23,4,Nord,100.92
2025-11-23,C093,Produit_4,46.65,5,Nord,233.25
2026-02-15,C060,Produit_1,79.96,2,Est,159.92
2025-10-24,C056,Produit_1,69.96,2,Sud,139.92
2026-02-24,C096,Produit_3,87.07,1,Est,87.07
2025-09-29,C085,Produit_3,56.02,5,Sud,280.1
2025-10-29,C027,Produit_6,87.28,1,Est,87.28
2026-01-18,C054,Produit_5,14.05,3,Nord,42.150000000000006
2026-02-10,C082,Produit_5,25.88,2,Sud,51.76
2026-02-12,C027,Produit_6,60.5,3,Ouest,181.5
2025-12-23,C097,Produit_1,43.1,5,Ouest,215.5
2026-02-28,C024,Produit_6,26.17,1,Ouest,26.17
2026-01-04,C015,Produit_6,40.58,3,Est,121.74
2026-02-24,C072,Produit_8,45.32,3,Sud,135.96
2025-11-11,C038,Produit_9,19.1,3,Sud,57.300000000000004
2025-09-29,C094,Produit_4,51.52,4,Est,206.08
2025-11-30,C080,Produit_7,35.85,5,Sud,179.25
2025-11-18,C038,Produit_2,85.91,5,Est,429.54999999999995
2025-10-30,C016,Produit_5,29.12,4,Est,116.48
2025-10-21,C013,Produit_4,75.96,2,Sud,151.92
2025-11-02,C027,Produit_3,88.16,2,Ouest,176.32
2025-11-04,C078,Produit_7,95.15,4,Nord,380.6
2025-11-16,C041,Produit_9,13.7,3,Ouest,41.099999999999994
2025-12-31,C093,Produit_2,45.62,5,Sud,228.1
2026-01-13,C069,Produit_3,31.92,3,Est,95.76
2026-01-23,C031,Produit_2,73.16,2,Ouest,146.32
2026-01-02,C084,Produit_7,79.85,3,Nord,239.54999999999998
2026-01-26,C030,Produit_5,46.96,2,Ouest,93.92
2026-02-10,C036,Produit_3,34.76,4,Nord,139.04
2025-12-07,C045,Produit_5,55.61,3,Nord,166.82999999999998
2025-12-16,C071,Produit_4,52.27,2,Nord,104.54
2025-10-07,C020,Produit_4,54.78,4,Est,219.12
2026-03-06,C027,Produit_10,50.98,4,Ouest,203.92
2026-01-30,C047,Produit_2,33.2,2,Ouest,66.4
2026-02-06,C084,Produit_3,51.39,2,Sud,102.78
2025-11-11,C070,Produit_5,92.22,5,Ouest,461.1
2025-12-17,C072,Produit_5,26.71,4,Est,106.84
2025-12-23,C005,Produit_4,58.17,3,Nord,174.51
2025-11-24,C090,Produit_1,60.82,1,Nord,60.82
2025-10-12,C077,Produit_1,59.44,5,Nord,297.2
2026-02-10,C091,Produit_6,88.34,1,Ouest,88.34
2025-10-22,C055,Produit_3,31.99,1,Sud,31.99
2025-11-06,C097,Produit_9,33.97,2,Ouest,67.94
2026-03-22,C011,Produit_10,68.96,4,Sud,275.84
2025-10-07,C059,Produit_7,19.55,3,Ouest,58.650000000000006
2025-09-25,C053,Produit_4,20.67,2,Nord,41.34
2026-01-08,C009,Produit_4,74.95,3,Est,224.85000000000002
2025-12-27,C087,Produit_4,77.03,4,Sud,308.12
2026-02-24,C055,Produit_5,67.49,5,Nord,337.45
2025-11-01,C066,Produit_2,79.46,4,Est,317.84
2026-03-26,C085,Produit_6,29.18,5,Nord,145.9
2025-12-21,C036,Produit_5,42.09,5,Sud,210.45000000000002
2025-12-11,C084,Produit_3,73.9,2,Sud,147.8
2025-12-30,C053,Produit_7,73.98,4,Est,295.92
2026-03-24,C062,Produit_8,44.14,4,Ouest,176.56
2025-10-22,C020,Produit_8,19.84,1,Nord,19.84
2025-10-09,C064,Produit_5,85.5,1,Sud,85.5
2026-01-29,C043,Produit_7,48.35,2,Ouest,96.7
2025-12-28,C024,Produit_9,18.15,1,Nord,18.15
2025-11-02,C058,Produit_7,38.43,2,Nord,76.86
2025-12-27,C041,Produit_1,74.72,5,Nord,373.6
2026-02-06,C077,Produit_3,14.19,1,Sud,14.19
2025-10-31,C051,Produit_2,66.66,1,Ouest,66.66
2026-01-16,C058,Produit_5,10.82,4,Nord,43.28
2025-11-27,C008,Produit_6,90.27,4,Est,361.08
2025-10-16,C003,Produit_4,92.63,4,Est,370.52
2026-02-24,C033,Produit_4,99.0,1,Sud,99.0
2026-01-10,C089,Produit_8,28.75,3,Nord,86.25
2026-03-11,C080,Produit_10,94.99,4,Sud,379.96
2025-12-19,C019,Produit_5,65.44,1,Nord,65.44
2026-02-07,C060,Produit_9,50.17,4,Sud,200.68
2025-11-26,C054,Produit_2,16.9,1,Sud,16.9
2026-02-25,C055,Produit_10,67.68,1,Sud,67.68
2025-10-09,C061,Produit_4,71.51,1,Ouest,71.51
2026-03-02,C041,Produit_10,47.01,4,Ouest,188.04
2025-11-17,C059,Produit_3,28.96,4,Nord,115.84
2025-09-26,C092,Produit_9,27.45,4,Sud,109.8
2025-12-21,C100,Produit_9,36.89,3,Nord,110.67
2025-09-26,C068,Produit_8,27.92,5,Nord,139.60000000000002
2025-10-21,C076,Produit_5,39.34,1,Nord,39.34
2025-12-03,C075,Produit_9,95.23,4,Nord,380.92
2026-01-31,C084,Produit_8,84.48,1,Est,84.48
2026-03-05,C057,Produit_5,60.77,4,Nord,243.08
2025-10-02,C085,Produit_9,52.0,3,Ouest,156.0
2026-01-08,C072,Produit_3,23.99,3,Ouest,71.97
2026-01-18,C036,Produit_10,34.31,2,Ouest,68.62
2026-02-06,C068,Produit_2,14.4,1,Sud,14.4
2025-12-13,C002,Produit_4,26.94,2,Est,53.88
2026-01-23,C087,Produit_1,90.41,1,Nord,90.41
2025-12-24,C056,Produit_3,94.26,4,Sud,377.04
2026-02-27,C096,Produit_10,85.08,3,Est,255.24
2025-10-27,C028,Produit_8,69.64,1,Est,69.64
2026-02-12,C056,Produit_4,78.23,5,Sud,391.15000000000003
2026-01-27,C054,Produit_10,98.5,5,Est,492.5
2026-01-25,C040,Produit_1,77.24,3,Sud,231.71999999999997
2026-01-21,C065,Produit_5,84.37,3,Sud,253.11
2025-12-21,C026,Produit_10,41.0,3,Sud,123.0
2026-03-19,C075,Produit_6,96.13,5,Est,480.65
2026-03-08,C099,Produit_6,36.48,3,Ouest,109.44
2026-01-25,C010,Produit_8,36.99,4,Est,147.96
2026-02-19,C018,Produit_10,32.4,1,Nord,32.4
2026-01-11,C043,Produit_6,42.27,4,Nord,169.08
2026-01-12,C075,Produit_9,92.13,1,Sud,92.13
2025-12-12,C046,Produit_7,73.54,3,Sud,220.62
2025-10-16,C041,Produit_7,11.08,3,Est,33.24
2026-01-29,C097,Produit_9,75.39,4,Ouest,301.56
2025-10-27,C011,Produit_10,83.14,5,Sud,415.7
2026-01-06,C022,Produit_2,68.05,5,Est,340.25
2025-12-19,C099,Produit_4,27.48,1,Ouest,27.48
2025-12-03,C095,Produit_2,16.14,4,Est,64.56
2025-10-21,C085,Produit_8,62.98,4,Sud,251.92
2026-02-28,C088,Produit_7,85.04,1,Ouest,85.04
2026-01-22,C065,Produit_2,80.41,5,Ouest,402.04999999999995
2026-03-22,C076,Produit_10,69.1,2,Ouest,138.2
2026-03-08,C032,Produit_9,39.13,1,Ouest,39.13
2025-12-30,C006,Produit_10,87.76,1,Ouest,87.76
2026-03-10,C087,Produit_1,28.82,5,Est,144.1
2025-11-27,C032,Produit_8,25.59,5,Nord,127.95
2026-02-05,C063,Produit_2,32.37,2,Est,64.74
2025-10-07,C018,Produit_4,32.59,3,Ouest,97.77000000000001
2025-10-07,C081,Produit_2,88.66,1,Est,88.66
2025-11-22,C003,Produit_5,66.08,3,Est,198.24
2025-10-13,C097,Produit_7,67.69,5,Nord,338.45
2025-11-12,C016,Produit_2,24.52,4,Ouest,98.08
2026-02-26,C070,Produit_3,99.71,1,Nord,99.71
2025-11-08,C003,Produit_5,21.18,2,Est,42.36
2026-02-15,C079,Produit_5,21.74,5,Ouest,108.69999999999999
2025-11-05,C062,Produit_2,89.48,1,Sud,89.48
2026-03-16,C082,Produit_2,65.13,4,Est,260.52
2026-01-08,C078,Produit_7,44.07,1,Ouest,44.07
2026-01-27,C087,Produit_2,20.04,2,Ouest,40.08
2026-01-13,C010,Produit_5,44.66,3,Nord,133.98
2025-11-28,C056,Produit_3,76.16,3,Nord,228.48
2025-10-25,C093,Produit_8,91.66,3,Nord,274.98
2025-12-09,C029,Produit_1,37.1,2,Ouest,74.2
2025-10-20,C030,Produit_4,39.04,4,Ouest,156.16
2025-09-28,C032,Produit_3,47.9,1,Nord,47.9
2026-02-12,C095,Produit_1,54.81,3,Ouest,164.43
2026-02-12,C022,Produit_10,50.37,4,Ouest,201.48
2025-11-20,C041,Produit_4,63.44,3,Nord,190.32
2025-11-16,C016,Produit_3,27.76,1,Nord,27.76
2025-12-28,C097,Produit_2,55.08,5,Nord,275.4
2025-11-27,C055,Produit_10,61.24,4,Sud,244.96
2025-11-04,C018,Produit_10,15.17,2,Ouest,30.34
2026-01-28,C002,Produit_8,94.98,5,Nord,474.90000000000003
2025-10-10,C059,Produit_9,35.73,5,Ouest,178.64999999999998
2025-10-29,C045,Produit_1,94.51,1,Ouest,94.51
2025-10-28,C083,Produit_9,54.02,4,Nord,216.08
2025-11-15,C090,Produit_6,46.77,2,Ouest,93.54
2026-02-03,C098,Produit_8,97.23,3,Sud,291.69
2026-02-09,C034,Produit_4,18.37,5,Nord,91.85000000000001
2025-12-14,C003,Produit_5,74.62,3,Ouest,223.86
2026-02-09,C063,Produit_10,65.55,2,Ouest,131.1
2026-03-07,C098,Produit_4,51.67,5,Est,258.35
2025-10-15,C061,Produit_10,34.56,4,Ouest,138.24
2025-11-23,C072,Produit_10,72.48,4,Sud,289.92
2026-01-14,C072,Produit_5,60.29,3,Nord,180.87
2026-03-02,C066,Produit_2,72.81,1,Ouest,72.81
2026-01-09,C058,Produit_4,27.6,3,Est,82.80000000000001
2025-11-12,C012,Produit_4,57.84,4,Ouest,231.36
2026-02-28,C021,Produit_1,56.0,2,Nord,112.0
2025-09-25,C025,Produit_8,27.19,2,Est,54.38
2025-11-25,C067,Produit_6,59.18,5,Ouest,295.9
2026-01-18,C021,Produit_10,26.42,3,Ouest,79.26
2026-02-17,C041,Produit_5,25.03,5,Est,125.15
2026-01-14,C077,Produit_7,49.57,1,Ouest,49.57
2025-12-14,C065,Produit_1,95.22,2,Sud,190.44
2026-01-17,C089,Produit_9,46.83,1,Sud,46.83
2025-11-26,C080,Produit_7,31.51,5,Ouest,157.55
2025-11-19,C014,Produit_7,15.46,2,Est,30.92
2025-10-01,C026,Produit_4,56.1,2,Nord,112.2
2025-11-14,C041,Produit_4,91.57,5,Sud,457.84999999999997
2026-01-26,C019,Produit_7,31.1,4,Nord,124.4
2025-12-12,C091,Produit_2,15.0,2,Sud,30.0
2025-12-19,C093,Produit_2,26.28,3,Nord,78.84
2026-03-12,C015,Produit_6,60.99,5,Est,304.95
2026-01-26,C056,Produit_10,44.02,3,Est,132.06
2025-11-09,C074,Produit_8,52.75,1,Ouest,52.75
2026-03-09,C079,Produit_4,70.78,2,Sud,141.56
2026-03-24,C015,Produit_1,56.26,2,Est,112.52
2026-01-03,C092,Produit_2,14.31,4,Est,57.24
2025-11-10,C003,Produit_1,34.5,1,Nord,34.5
2025-12-16,C031,Produit_8,64.28,1,Ouest,64.28
2025-12-22,C074,Produit_6,70.06,5,Nord,350.3
2025-11-09,C095,Produit_9,87.24,4,Nord,348.96
2025-11-05,C050,Produit_10,43.57,5,Sud,217.85
2025-10-16,C061,Produit_1,81.75,1,Ouest,81.75
2025-11-27,C037,Produit_4,97.08,4,Ouest,388.32
2026-03-23,C054,Produit_1,28.65,4,Nord,114.6
2026-03-03,C091,Produit_10,23.98,4,Sud,95.92
2025-11-19,C048,Produit_1,18.17,1,Sud,18.17
2026-01-17,C082,Produit_5,57.3,5,Est,286.5
2026-01-30,C015,Produit_1,52.3,3,Est,156.89999999999998
2025-12-09,C067,Produit_9,67.34,2,Sud,134.68
2026-02-24,C035,Produit_5,33.06,5,Sud,165.3
2026-03-03,C073,Produit_6,82.8,4,Nord,331.2
2025-10-24,C004,Produit_4,81.66,3,Ouest,244.98
2025-12-08,C077,Produit_6,38.32,3,Nord,114.96000000000001
2025-12-25,C088,Produit_3,90.84,1,Est,90.84
2026-02-05,C028,Produit_9,11.18,5,Est,55.9
2025-10-07,C082,Produit_9,77.95,2,Sud,155.9
2026-02-18,C042,Produit_3,53.75,2,Est,107.5
2025-12-21,C064,Produit_5,33.74,5,Est,168.70000000000002
2025-12-31,C022,Produit_2,30.4,3,Est,91.19999999999999
2025-12-22,C051,Produit_6,22.64,5,Sud,113.2
2026-01-19,C046,Produit_2,58.58,1,Sud,58.58
2026-03-07,C034,Produit_7,46.67,3,Est,140.01
2025-11-29,C088,Produit_6,37.71,4,Est,150.84
2025-12-03,C090,Produit_5,67.34,3,Ouest,202.02
2025-10-02,C022,Produit_3,34.44,3,Ouest,103.32
2026-01-29,C021,Produit_4,41.55,5,Ouest,207.75
2026-03-11,C059,Produit_1,72.62,1,Est,72.62
2025-12-24,C079,Produit_10,63.83,2,Ouest,127.66
2026-02-06,C098,Produit_5,42.45,4,Nord,169.8
2026-01-20,C018,Produit_5,20.93,3,Nord,62.79
2026-03-12,C054,Produit_9,85.34,5,Sud,426.70000000000005
2025-12-12,C009,Produit_10,37.15,4,Ouest,148.6
2026-03-09,C048,Produit_10,75.79,1,Nord,75.79
2025-10-04,C045,Produit_6,36.24,2,Ouest,72.48
2026-01-27,C070,Produit_9,53.44,3,Ouest,160.32
2025-12-23,C039,Produit_10,14.51,1,Ouest,14.51
2025-12-07,C067,Produit_5,65.74,2,Est,131.48
2025-12-05,C097,Produit_8,94.87,2,Nord,189.74
2026-02-10,C048,Produit_4,16.74,1,Ouest,16.74
2025-10-21,C033,Produit_6,19.81,2,Ouest,39.62
2025-10-17,C034,Produit_9,25.63,3,Ouest,76.89
2026-02-16,C078,Produit_3,96.74,1,Nord,96.74
2025-10-27,C040,Produit_10,22.79,1,Est,22.79
2026-02-22,C086,Produit_1,95.63,3,Nord,286.89
2025-10-03,C038,Produit_10,19.65,5,Sud,98.25
2025-11-16,C093,Produit_6,25.7,4,Ouest,102.8
2026-02-20,C060,Produit_5,89.78,4,Ouest,359.12
2025-11-24,C043,Produit_8,84.28,2,Nord,168.56
2026-02-16,C030,Produit_10,48.68,1,Nord,48.68
2025-10-10,C068,Produit_2,78.78,5,Ouest,393.9
2025-11-25,C078,Produit_10,12.77,4,Nord,51.08
2025-10-13,C034,Produit_9,87.56,1,Est,87.56
2026-01-27,C015,Produit_6,94.41,4,Ouest,377.64
2026-01-17,C020,Produit_3,17.56,5,Est,87.8
2026-02-10,C001,Produit_8,61.61,1,Ouest,61.61
2026-03-20,C091,Produit_3,16.71,2,Sud,33.42
2026-03-20,C004,Produit_3,69.0,2,Nord,138.0
2025-12-03,C012,Produit_2,76.76,3,Est,230.28000000000003
2025-11-24,C059,Produit_8,56.77,1,Est,56.77
2026-02-02,C009,Produit_5,95.8,4,Nord,383.2
2025-12-08,C079,Produit_4,54.35,5,Ouest,271.75
2025-12-05,C088,Produit_6,33.02,3,Est,99.06
2025-12-22,C053,Produit_7,75.31,2,Sud,150.62
2025-12-19,C019,Produit_4,39.64,4,Sud,158.56
2026-03-26,C068,Produit_7,53.36,2,Sud,106.72
2026-02-09,C012,Produit_5,76.56,4,Est,306.24
2026-01-15,C003,Produit_6,54.8,4,Est,219.2
2025-10-24,C088,Produit_1,93.85,5,Ouest,469.25
2026-01-01,C028,Produit_10,58.9,1,Est,58.9
2025-10-26,C070,Produit_9,87.66,1,Sud,87.66
2025-10-09,C032,Produit_3,85.86,2,Ouest,171.72
2026-01-27,C043,Produit_9,20.16,3,Ouest,60.480000000000004
2025-12-01,C038,Produit_8,37.72,1,Nord,37.72
2026-03-15,C045,Produit_10,44.19,4,Ouest,176.76
2025-10-24,C068,Produit_1,18.39,4,Est,73.56
2026-03-16,C027,Produit_4,56.44,5,Nord,282.2
2025-11-26,C015,Produit_10,95.92,4,Nord,383.68
2025-11-09,C019,Produit_4,34.62,5,Sud,173.1
2026-03-05,C034,Produit_8,85.1,4,Est,340.4
2026-01-21,C072,Produit_9,85.14,2,Est,170.28
2026-03-19,C041,Produit_7,43.58,5,Nord,217.89999999999998
2026-03-09,C039,Produit_1,38.09,5,Ouest,190.45000000000002
2025-12-21,C024,Produit_10,83.48,3,Est,250.44
2026-01-14,C038,Produit_1,98.68,5,Sud,493.40000000000003
2025-12-23,C059,Produit_5,50.15,1,Nord,50.15
2026-02-15,C069,Produit_1,33.05,2,Sud,66.1
2026-03-20,C001,Produit_1,40.84,4,Ouest,163.36
2025-10-04,C097,Produit_6,49.71,3,Est,149.13
2025-10-03,C050,Produit_7,61.04,1,Nord,61.04
2025-10-24,C001,Produit_1,91.95,3,Est,275.85
2026-02-07,C086,Produit_6,54.5,4,Ouest,218.0
2026-01-17,C092,Produit_7,22.8,2,Nord,45.6
2025-10-26,C031,Produit_2,55.15,1,Ouest,55.15
2026-03-01,C033,Produit_9,69.73,5,Nord,348.65000000000003
2025-12-01,C040,Produit_9,59.5,3,Est,178.5
2025-12-15,C082,Produit_8,84.89,1,Sud,84.89
2025-11-21,C052,Produit_3,70.21,1,Sud,70.21
2025-12-07,C074,Produit_3,92.03,3,Ouest,276.09000000000003
2025-12-07,C052,Produit_3,74.87,2,Ouest,149.74
2025-12-16,C005,Produit_9,15.49,3,Nord,46.47
2026-02-05,C060,Produit_8,29.08,3,Ouest,87.24
2026-01-28,C090,Produit_4,14.09,2,Est,28.18
2025-12-23,C055,Produit_4,61.09,3,Est,183.27
2025-11-19,C022,Produit_10,81.98,3,Ouest,245.94
2026-02-08,C015,Produit_2,32.74,3,Ouest,98.22
2025-10-22,C014,Produit_7,39.43,4,Sud,157.72
2025-10-13,C086,Produit_6,78.39,1,Est,78.39
2025-10-13,C062,Produit_5,73.25,1,Ouest,73.25
2026-01-16,C048,Produit_5,10.1,5,Nord,50.5
2025-12-02,C080,Produit_1,81.99,5,Sud,409.95
2026-01-11,C068,Produit_9,97.22,2,Sud,194.44
2025-12-19,C009,Produit_5,19.41,2,Nord,38.82
2025-11-16,C027,Produit_3,33.52,2,Est,67.04
2026-01-20,C044,Produit_7,96.56,4,Est,386.24
2025-10-24,C026,Produit_6,23.29,5,Sud,116.44999999999999
2025-10-15,C017,Produit_1,53.51,1,Est,53.51
2025-10-08,C036,Produit_10,95.71,2,Sud,191.42
2025-10-31,C088,Produit_10,67.26,3,Sud,201.78000000000003
2025-09-28,C083,Produit_10,46.94,4,Ouest,187.76
2025-12-15,C058,Produit_7,79.25,1,Ouest,79.25
2025-12-13,C002,Produit_5,94.29,2,Sud,188.58
2026-03-08,C060,Produit_2,81.66,4,Nord,326.64
2025-10-06,C022,Produit_7,79.65,3,Nord,238.95000000000002
2026-03-16,C081,Produit_8,50.02,1,Est,50.02
2026-01-16,C008,Produit_1,25.24,2,Sud,50.48
2025-11-30,C065,Produit_7,39.28,2,Est,78.56
2026-02-28,C089,Produit_5,71.39,3,Sud,214.17000000000002
2025-11-09,C005,Produit_9,14.29,5,Est,71.44999999999999
2025-10-17,C026,Produit_9,29.01,4,Sud,116.04
2026-01-15,C087,Produit_9,18.29,3,Nord,54.87
2025-12-16,C085,Produit_1,66.29,2,Nord,132.58
2025-09-30,C039,Produit_10,44.77,5,Sud,223.85000000000002
2025-12-09,C097,Produit_8,72.91,2,Est,145.82
2025-11-06,C013,Produit_8,19.28,4,Sud,77.12
2025-10-12,C036,Produit_5,30.43,5,Ouest,152.15
2025-12-25,C059,Produit_5,12.09,2,Est,24.18
2025-12-21,C087,Produit_6,40.18,2,Sud,80.36
2026-02-20,C090,Produit_6,81.74,1,Nord,81.74
2025-11-16,C008,Produit_3,85.51,5,Nord,427.55
2026-01-08,C092,Produit_4,43.58,3,Nord,130.74
2026-01-22,C003,Produit_2,53.79,5,Ouest,268.95
2026-02-28,C019,Produit_5,16.07,1,Nord,16.07
2025-12-23,C084,Produit_10,65.38,1,Sud,65.38
2026-03-06,C012,Produit_8,90.77,5,Sud,453.84999999999997
2025-12-13,C068,Produit_7,16.62,3,Est,49.86
2025-10-02,C050,Produit_5,69.72,5,Sud,348.6
2025-11-19,C009,Produit_2,78.18,4,Sud,312.72
2025-10-26,C016,Produit_1,81.36,1,Est,81.36
2025-11-17,C090,Produit_5,81.82,2,Nord,163.64
2025-10-22,C070,Produit_3,47.06,1,Est,47.06
2025-10-20,C043,Produit_6,86.13,2,Ouest,172.26
2025-09-25,C049,Produit_4,78.01,2,Nord,156.02
2025-12-30,C074,Produit_5,41.26,5,Ouest,206.29999999999998
2026-02-11,C018,Produit_6,96.92,5,Est,484.6
2026-03-05,C062,Produit_2,84.21,4,Ouest,336.84
2026-03-23,C034,Produit_2,32.19,5,Nord,160.95
2025-12-27,C031,Produit_2,74.65,3,Sud,223.95000000000002
2026-03-03,C047,Produit_8,20.15,1,Nord,20.15
2026-01-28,C062,Produit_5,91.41,1,Est,91.41
2025-11-05,C014,Produit_6,94.46,3,Est,283.38
2026-02-17,C030,Produit_5,41.1,2,Nord,82.2
2025-10-03,C079,Produit_8,92.42,3,Sud,277.26
2026-03-15,C086,Produit_8,42.78,3,Ouest,128.34
2025-10-04,C097,Produit_9,59.07,5,Sud,295.35
2026-03-24,C087,Produit_10,68.85,3,Sud,206.54999999999998
2026-02-11,C044,Produit_6,82.01,2,Ouest,164.02
2026-03-23,C013,Produit_10,86.81,2,Sud,173.62
2025-11-25,C031,Produit_9,30.29,5,Nord,151.45
2025-11-26,C019,Produit_10,62.62,4,Nord,250.48
2025-11-20,C075,Produit_3,17.83,1,Est,17.83
2026-03-17,C035,Produit_10,10.43,3,Nord,31.29
2026-01-15,C015,Produit_7,66.17,5,Sud,330.85
2025-11-15,C032,Produit_1,70.81,5,Sud,354.05
2025-11-21,C027,Produit_6,68.22,4,Sud,272.88
2025-11-16,C069,Produit_8,46.36,5,Nord,231.8
2025-12-27,C075,Produit_2,39.85,5,Est,199.25
2026-03-23,C002,Produit_8,47.39,4,Nord,189.56
2025-09-25,C055,Produit_10,62.44,3,Ouest,187.32
2026-02-25,C054,Produit_9,32.53,1,Sud,32.53
2025-11-07,C036,Produit_6,90.4,3,Est,271.20000000000005
2026-01-12,C010,Produit_6,53.88,3,Est,161.64000000000001
2026-01-04,C010,Produit_3,56.06,2,Ouest,112.12
2025-11-13,C086,Produit_3,85.26,2,Nord,170.52
2025-11-11,C046,Produit_7,64.14,5,Sud,320.7
2025-11-03,C052,Produit_2,80.98,2,Ouest,161.96
2025-11-01,C095,Produit_9,30.91,4,Ouest,123.64
2026-03-04,C019,Produit_1,68.3,2,Sud,136.6
2025-10-30,C060,Produit_10,58.04,3,Sud,174.12
2025-12-07,C003,Produit_5,25.93,3,Est,77.78999999999999
2026-01-29,C044,Produit_3,82.06,5,Nord,410.3
2025-12-29,C031,Produit_8,80.51,3,Est,241.53000000000003
2025-12-25,C023,Produit_4,16.15,2,Ouest,32.3
2025-10-18,C015,Produit_2,63.09,1,Est,63.09
2025-12-02,C092,Produit_5,57.79,3,Nord,173.37
2026-01-01,C051,Produit_6,10.31,4,Ouest,41.24
2025-11-11,C074,Produit_7,71.31,5,Nord,356.55
2026-02-14,C085,Produit_2,19.22,4,Sud,76.88
2026-01-07,C030,Produit_1,30.03,2,Nord,60.06
2025-12-30,C064,Produit_2,31.95,3,Ouest,95.85
2026-02-07,C061,Produit_7,73.21,3,Sud,219.63
2025-12-28,C050,Produit_8,57.88,4,Nord,231.52
2025-10-24,C017,Produit_6,11.13,2,Ouest,22.26
2026-01-11,C039,Produit_4,81.07,2,Est,162.14
2025-10-24,C020,Produit_1,69.21,2,Sud,138.42
2026-03-07,C070,Produit_10,27.79,5,Ouest,138.95
2025-11-15,C046,Produit_9,11.42,1,Sud,11.42
2025-11-14,C092,Produit_1,36.51,1,Sud,36.51
2026-02-25,C068,Produit_3,40.5,1,Nord,40.5
2025-11-15,C056,Produit_3,43.66,2,Ouest,87.32
2026-02-18,C073,Produit_9,31.73,1,Nord,31.73
2026-01-03,C032,Produit_8,95.32,1,Ouest,95.32
2026-03-14,C050,Produit_5,29.71,2,Est,59.42
2026-03-14,C068,Produit_1,13.97,4,Sud,55.88
2025-10-18,C029,Produit_10,60.32,1,Nord,60.32
2025-11-29,C044,Produit_1,95.36,1,Ouest,95.36
2025-10-21,C083,Produit_5,68.66,1,Sud,68.66
2025-11-21,C020,Produit_9,62.76,1,Sud,62.76
2026-01-27,C007,Produit_1,75.59,3,Est,226.77
2025-10-20,C066,Produit_7,20.86,5,Est,104.3
2025-12-02,C001,Produit_8,16.23,2,Est,32.46
2025-12-13,C064,Produit_4,37.75,5,Ouest,188.75
2025-10-26,C014,Produit_10,83.31,2,Est,166.62
2025-12-11,C035,Produit_4,74.32,3,Ouest,222.95999999999998
2025-11-24,C045,Produit_3,33.73,1,Ouest,33.73
2025-09-26,C006,Produit_3,41.12,1,Ouest,41.12
2026-03-01,C040,Produit_10,52.35,5,Nord,261.75
2025-10-22,C054,Produit_6,40.1,1,Nord,40.1
2026-01-03,C016,Produit_9,25.58,1,Ouest,25.58
2026-03-08,C002,Produit_10,29.31,3,Est,87.92999999999999
2025-10-06,C023,Produit_5,18.4,1,Est,18.4
2026-03-13,C008,Produit_2,31.86,1,Sud,31.86
2025-10-12,C080,Produit_2,69.62,3,Est,208.86
2025-10-14,C051,Produit_9,82.33,4,Sud,329.32
2025-11-16,C046,Produit_5,54.16,4,Est,216.64
2026-02-03,C061,Produit_5,21.86,4,Sud,87.44
2026-02-23,C070,Produit_10,58.67,1,Ouest,58.67
2026-03-08,C038,Produit_10,46.28,3,Est,138.84
2026-01-29,C026,Produit_5,94.7,4,Est,378.8
2026-02-09,C046,Produit_4,51.9,1,Est,51.9
2025-10-21,C093,Produit_7,91.04,2,Est,182.08
2026-03-10,C016,Produit_5,79.24,2,Sud,158.48
2025-12-08,C074,Produit_3,23.2,2,Ouest,46.4
2026-01-01,C076,Produit_6,51.99,4,Ouest,207.96
2025-12-15,C075,Produit_7,99.92,4,Est,399.68
2025-11-03,C004,Produit_3,89.98,1,Est,89.98
2025-11-27,C071,Produit_2,53.11,1,Est,53.11
2025-11-10,C020,Produit_9,22.34,1,Est,22.34
2026-02-04,C090,Produit_1,83.85,4,Est,335.4
2026-02-17,C068,Produit_10,92.41,2,Sud,184.82
2025-11-21,C022,Produit_7,23.89,4,Nord,95.56
2026-01-13,C060,Produit_6,17.29,1,Est,17.29
2025-09-27,C002,Produit_10,65.47,4,Ouest,261.88
2025-10-27,C073,Produit_5,49.53,3,Nord,148.59
2026-01-27,C027,Produit_9,67.23,1,Nord,67.23
2025-10-09,C020,Produit_7,98.89,5,Est,494.45
2026-03-13,C010,Produit_10,93.86,5,Ouest,469.3
2026-02-25,C070,Produit_2,28.76,3,Nord,86.28
2025-10-15,C023,Produit_5,42.47,2,Est,84.94
2025-12-12,C065,Produit_1,41.28,3,Nord,123.84
2026-01-18,C042,Produit_3,50.02,5,Ouest,250.10000000000002
2026-02-20,C040,Produit_5,83.24,5,Est,416.2
2026-01-14,C098,Produit_8,95.31,3,Ouest,285.93
2025-10-04,C017,Produit_10,44.14,4,Ouest,176.56
2025-11-18,C072,Produit_6,28.08,1,Nord,28.08
2026-01-30,C064,Produit_8,44.29,2,Ouest,88.58
2025-10-04,C054,Produit_8,55.64,1,Est,55.64
2026-01-31,C083,Produit_6,97.97,1,Sud,97.97
2026-02-01,C030,Produit_4,34.13,5,Nord,170.65
2026-01-13,C029,Produit_4,81.54,2,Nord,163.08
2025-12-23,C098,Produit_4,49.69,4,Est,198.76
2025-10-29,C078,Produit_5,49.57,3,Est,148.71
2025-11-21,C008,Produit_5,44.87,1,Nord,44.87
2026-03-14,C028,Produit_4,68.91,3,Nord,206.73
2025-10-03,C024,Produit_2,55.19,2,Sud,110.38
2026-03-18,C067,Produit_1,14.64,4,Ouest,58.56
2025-12-11,C075,Produit_6,52.84,3,Est,158.52
2025-12-26,C004,Produit_6,11.57,2,Nord,23.14
2026-02-23,C044,Produit_6,44.76,4,Sud,179.04
2026-03-19,C075,Produit_3,12.4,4,Ouest,49.6
2026-03-01,C066,Produit_1,19.13,1,Ouest,19.13
2026-01-30,C097,Produit_7,89.76,2,Ouest,179.52
2026-01-03,C095,Produit_1,99.21,4,Nord,396.84
2025-11-24,C084,Produit_9,23.63,4,Ouest,94.52
2025-11-08,C019,Produit_1,52.38,5,Sud,261.90000000000003
2026-03-24,C070,Produit_7,50.89,1,Sud,50.89
2025-10-22,C097,Produit_1,10.34,3,Est,31.02
2025-09-28,C009,Produit_6,12.08,5,Sud,60.4
2026-01-26,C056,Produit_1,87.78,4,Est,351.12
2025-12-15,C054,Produit_3,59.9,1,Sud,59.9
2026-02-08,C004,Produit_6,30.16,1,Nord,30.16
2025-11-23,C038,Produit_8,86.43,1,Nord,86.43
2026-01-15,C044,Produit_10,74.98,4,Nord,299.92
2025-11-29,C066,Produit_3,36.69,4,Sud,146.76
2026-03-04,C064,Produit_4,70.93,3,Ouest,212.79000000000002
2025-10-05,C035,Produit_3,85.33,3,Sud,255.99
2026-02-18,C022,Produit_1,35.78,4,Ouest,143.12
2025-12-15,C053,Produit_8,84.02,5,Ouest,420.09999999999997
2026-03-20,C069,Produit_9,41.19,1,Est,41.19
2026-03-01,C022,Produit_8,16.89,3,Sud,50.67
2026-02-13,C091,Produit_8,27.55,5,Sud,137.75
2025-11-30,C026,Produit_1,73.51,3,Ouest,220.53000000000003
2026-02-25,C053,Produit_9,51.8,2,Sud,103.6
2025-11-06,C042,Produit_7,30.7,1,Nord,30.7
2025-10-28,C081,Produit_8,70.07,3,Sud,210.20999999999998
2025-11-15,C075,Produit_4,81.51,1,Nord,81.51
2026-02-24,C045,Produit_9,50.84,5,Est,254.20000000000002
2025-10-02,C031,Produit_6,42.74,3,Ouest,128.22
2025-11-07,C066,Produit_3,63.73,3,Est,191.19
2025-11-28,C075,Produit_3,13.68,3,Est,41.04
2025-10-21,C036,Produit_6,40.61,5,Sud,203.05
2026-02-10,C054,Produit_6,15.48,3,Nord,46.44
2026-01-21,C070,Produit_6,54.79,2,Ouest,109.58
2026-03-23,C066,Produit_10,84.29,5,Sud,421.45000000000005
2026-01-26,C059,Produit_6,17.4,1,Est,17.4
2025-12-07,C008,Produit_1,24.6,1,Est,24.6
2025-10-12,C041,Produit_4,80.87,2,Est,161.74
2026-01-16,C035,Produit_7,89.51,4,Ouest,358.04
2025-12-10,C022,Produit_2,93.14,5,Est,465.7
2026-01-23,C003,Produit_8,31.17,2,Ouest,62.34
2025-12-21,C028,Produit_7,58.23,4,Est,232.92
2026-02-09,C095,Produit_4,31.4,4,Est,125.6
2025-11-27,C080,Produit_4,47.52,4,Nord,190.08
2025-10-09,C001,Produit_2,72.36,4,Sud,289.44
2026-03-10,C001,Produit_6,32.07,3,Ouest,96.21000000000001
2026-03-12,C066,Produit_8,19.51,5,Nord,97.55000000000001
2026-03-01,C014,Produit_9,14.26,4,Est,57.04
2026-02-01,C014,Produit_3,54.88,4,Sud,219.52
2025-11-29,C097,Produit_1,76.16,3,Sud,228.48
2026-01-10,C020,Produit_1,52.75,5,Sud,263.75
2026-03-15,C007,Produit_2,33.96,5,Ouest,169.8
2025-10-20,C081,Produit_9,44.34,1,Sud,44.34
2026-01-11,C088,Produit_6,86.18,1,Sud,86.18
2026-01-25,C077,Produit_4,33.0,3,Ouest,99.0
2025-10-12,C012,Produit_6,67.21,3,Est,201.63
2025-12-06,C098,Produit_2,46.49,5,Est,232.45000000000002
2026-03-02,C062,Produit_10,64.37,5,Nord,321.85
2026-02-13,C063,Produit_7,74.68,5,Sud,373.40000000000003
2026-02-25,C092,Produit_10,63.58,2,Ouest,127.16
2025-12-24,C013,Produit_7,64.81,5,Est,324.05
2026-01-05,C021,Produit_9,69.31,5,Sud,346.55
2026-01-14,C039,Produit_10,82.3,1,Est,82.3
2026-01-22,C028,Produit_9,96.06,3,Sud,288.18
2026-01-08,C094,Produit_3,73.72,4,Sud,294.88
2025-11-15,C028,Produit_10,14.24,1,Ouest,14.24
2026-03-09,C024,Produit_9,50.43,2,Nord,100.86
2025-11-10,C051,Produit_2,22.59,1,Nord,22.59
2025-10-22,C081,Produit_8,32.36,2,Est,64.72
2026-01-05,C034,Produit_2,98.99,1,Ouest,98.99
2025-11-23,C033,Produit_9,23.6,3,Ouest,70.80000000000001
2025-09-27,C070,Produit_4,96.28,3,Est,288.84000000000003
2026-02-06,C008,Produit_10,47.03,1,Sud,47.03
2025-11-20,C090,Produit_3,98.5,4,Ouest,394.0
2026-02-28,C080,Produit_5,31.67,1,Ouest,31.67
2026-01-21,C090,Produit_6,67.61,1,Sud,67.61
2025-12-12,C066,Produit_1,56.44,1,Nord,56.44
2026-02-20,C045,Produit_5,27.27,1,Nord,27.27
2026-01-30,C074,Produit_3,50.86,2,Est,101.72
2025-12-10,C001,Produit_5,33.94,5,Nord,169.7
2025-12-10,C057,Produit_2,75.38,5,Nord,376.9
2025-12-27,C087,Produit_3,85.86,1,Est,85.86
2026-01-04,C095,Produit_2,42.44,5,Nord,212.2
2025-09-27,C049,Produit_2,21.63,4,Nord,86.52
2025-10-05,C007,Produit_7,56.07,3,Nord,168.21
2025-12-17,C055,Produit_5,89.5,3,Nord,268.5
2026-01-06,C035,Produit_10,52.28,1,Nord,52.28
2025-11-05,C007,Produit_8,50.61,1,Sud,50.61
2026-03-11,C001,Produit_10,46.91,2,Nord,93.82
2026-02-27,C019,Produit_10,29.18,1,Est,29.18
2026-01-13,C064,Produit_3,81.47,1,Sud,81.47
2026-02-23,C068,Produit_4,96.04,3,Nord,288.12
2025-11-09,C012,Produit_9,45.26,1,Est,45.26
2026-01-30,C013,Produit_7,21.55,1,Nord,21.55
2025-09-28,C021,Produit_9,62.04,3,Ouest,186.12
2026-01-05,C045,Produit_5,83.74,4,Nord,334.96
2025-12-24,C071,Produit_9,16.79,3,Nord,50.37
2026-03-06,C100,Produit_3,66.79,3,Ouest,200.37
2025-10-18,C005,Produit_2,82.13,5,Sud,410.65
2026-02-28,C039,Produit_7,63.07,1,Est,63.07
2025-11-04,C033,Produit_10,81.63,2,Ouest,163.26
2025-11-19,C078,Produit_6,81.55,4,Sud,326.2
2026-01-10,C088,Produit_3,16.68,5,Ouest,83.4
2026-01-10,C004,Produit_5,28.64,1,Nord,28.64
2025-10-07,C098,Produit_9,21.03,3,Nord,63.09
2025-11-01,C092,Produit_4,81.13,4,Sud,324.52
2026-02-22,C079,Produit_8,50.55,1,Sud,50.55
2025-11-25,C041,Produit_2,98.48,2,Nord,196.96
2025-11-09,C024,Produit_5,66.5,2,Nord,133.0
2025-12-11,C048,Produit_2,90.46,3,Nord,271.38
2026-02-05,C079,Produit_3,81.63,1,Nord,81.63
2025-12-24,C028,Produit_3,57.27,3,Ouest,171.81
2025-11-05,C071,Produit_9,36.59,4,Ouest,146.36
2026-02-12,C081,Produit_4,64.44,2,Ouest,128.88
2025-10-19,C075,Produit_1,92.39,4,Sud,369.56
2025-10-17,C041,Produit_8,16.27,5,Ouest,81.35
2026-03-03,C096,Produit_7,95.73,4,Sud,382.92
2025-12-11,C047,Produit_1,92.08,5,Nord,460.4
2025-12-11,C028,Produit_8,32.75,4,Sud,131.0
2026-02-24,C092,Produit_2,81.32,3,Nord,243.95999999999998
2025-11-27,C092,Produit_8,13.64,4,Nord,54.56
2026-02-23,C012,Produit_8,68.87,3,Nord,206.61
2026-01-06,C091,Produit_4,65.59,2,Ouest,131.18
2026-03-19,C023,Produit_7,26.2,4,Nord,104.8
2026-01-28,C063,Produit_9,59.89,4,Ouest,239.56
2025-11-01,C060,Produit_10,69.27,5,Sud,346.34999999999997
2025-12-23,C051,Produit_6,73.37,2,Nord,146.74
2026-01-02,C020,Produit_6,78.69,2,Sud,157.38
2026-02-06,C012,Produit_3,43.43,2,Nord,86.86
2025-09-27,C001,Produit_8,15.55,5,Nord,77.75
2026-02-13,C072,Produit_2,51.02,2,Sud,102.04
2025-12-16,C064,Produit_10,92.44,4,Sud,369.76
2026-01-06,C062,Produit_4,50.58,4,Nord,202.32
2026-01-18,C089,Produit_2,69.73,3,Est,209.19
2026-03-16,C061,Produit_3,19.74,1,Est,19.74
2025-11-06,C047,Produit_10,49.48,4,Est,197.92
2025-12-06,C088,Produit_6,34.64,4,Ouest,138.56
2025-12-31,C039,Produit_1,28.89,4,Sud,115.56
2025-11-24,C084,Produit_5,88.64,5,Sud,443.2
2025-10-30,C080,Produit_7,36.48,5,Est,182.39999999999998
2026-03-24,C090,Produit_10,27.64,2,Nord,55.28
2025-10-03,C092,Produit_9,18.87,4,Est,75.48
2025-12-12,C064,Produit_1,49.63,4,Est,198.52
2025-10-18,C100,Produit_9,87.47,4,Nord,349.88
2025-11-05,C093,Produit_1,96.65,1,Sud,96.65
2025-12-28,C067,Produit_2,49.04,1,Sud,49.04
2026-02-18,C064,Produit_2,74.33,1,Sud,74.33
2025-12-11,C066,Produit_5,89.98,4,Sud,359.92
2025-12-18,C095,Produit_10,89.19,2,Sud,178.38
2026-01-04,C098,Produit_8,49.57,5,Nord,247.85
2026-03-25,C033,Produit_5,81.75,1,Nord,81.75
2025-10-17,C027,Produit_5,33.68,2,Est,67.36
2026-01-10,C021,Produit_10,27.67,4,Ouest,110.68
2025-09-28,C043,Produit_8,85.98,2,Est,171.96
2025-10-27,C042,Produit_9,30.09,5,Sud,150.45
2025-11-11,C039,Produit_9,75.04,5,Est,375.20000000000005
2026-03-21,C085,Produit_10,40.31,3,Sud,120.93
2026-01-28,C067,Produit_7,56.57,3,Sud,169.71
2026-03-04,C072,Produit_1,86.72,2,Sud,173.44
2026-01-30,C077,Produit_10,41.54,4,Ouest,166.16
2026-02-13,C051,Produit_6,99.28,5,Est,496.4
2025-11-22,C073,Produit_2,78.11,4,Ouest,312.44
2025-11-09,C084,Produit_8,41.23,3,Sud,123.69
2025-12-17,C029,Produit_4,86.1,5,Est,430.5
2025-10-17,C006,Produit_10,19.87,4,Ouest,79.48
2026-01-30,C068,Produit_4,42.4,5,Nord,212.0
2026-01-16,C020,Produit_5,25.71,3,Nord,77.13
2025-12-07,C029,Produit_2,90.36,2,Est,180.72
2025-10-24,C093,Produit_1,40.61,3,Nord,121.83
2025-09-30,C087,Produit_10,85.06,5,Est,425.3
2026-02-10,C020,Produit_4,47.57,1,Sud,47.57
2025-11-09,C079,Produit_1,13.36,1,Sud,13.36
2025-10-13,C008,Produit_5,63.01,2,Ouest,126.02
2026-01-20,C080,Produit_3,88.04,5,Est,440.20000000000005
2026-03-23,C057,Produit_10,55.3,2,Est,110.6
2026-02-28,C043,Produit_10,92.82,5,Nord,464.09999999999997
2025-12-31,C085,Produit_1,28.23,5,Sud,141.15
2026-02-24,C058,Produit_1,75.63,1,Est,75.63
2026-01-30,C063,Produit_8,89.08,4,Sud,356.32
2025-11-23,C007,Produit_4,12.81,4,Sud,51.24
2025-12-11,C037,Produit_1,16.44,4,Nord,65.76
2026-03-02,C001,Produit_6,61.14,2,Ouest,122.28
2025-11-27,C028,Produit_4,27.99,5,Ouest,139.95
2025-12-20,C014,Produit_8,66.59,3,Ouest,199.77
2025-10-09,C089,Produit_5,37.7,5,Est,188.5
2026-01-06,C076,Produit_3,36.99,4,Est,147.96
2026-01-08,C041,Produit_8,11.06,4,Nord,44.24
2026-02-16,C097,Produit_4,28.14,2,Nord,56.28
2025-10-09,C037,Produit_4,70.29,2,Nord,140.58
2026-01-16,C012,Produit_10,72.8,5,Est,364.0
2025-12-28,C021,Produit_1,17.62,4,Est,70.48
2025-10-30,C099,Produit_6,52.07,2,Est,104.14
2025-12-15,C022,Produit_1,89.5,2,Sud,179.0
2025-11-18,C013,Produit_3,57.22,5,Sud,286.1
2026-01-05,C047,Produit_6,12.46,5,Ouest,62.300000000000004
2025-10-26,C065,Produit_3,84.13,2,Est,168.26
2026-02-12,C022,Produit_7,63.84,4,Ouest,255.36
2026-01-11,C034,Produit_10,75.2,5,Est,376.0
2025-12-25,C048,Produit_10,84.04,3,Sud,252.12
2026-03-06,C052,Produit_3,94.38,2,Nord,188.76
2026-03-09,C065,Produit_9,78.53,5,Nord,392.65
2026-02-05,C065,Produit_8,85.51,1,Sud,85.51
2025-12-24,C050,Produit_10,72.75,5,Ouest,363.75
2026-01-08,C097,Produit_8,72.05,4,Nord,288.2
2025-10-26,C007,Produit_8,32.83,3,Est,98.49
2026-02-08,C099,Produit_6,38.16,2,Est,76.32
2025-10-29,C079,Produit_1,84.72,2,Sud,169.44
2025-11-13,C049,Produit_10,41.51,4,Ouest,166.04
2026-03-15,C084,Produit_1,65.69,2,Ouest,131.38
2026-01-26,C066,Produit_5,81.41,1,Est,81.41
2025-11-12,C067,Produit_2,20.05,4,Sud,80.2
2026-03-23,C032,Produit_4,10.87,4,Sud,43.48
2025-12-09,C063,Produit_9,97.32,2,Nord,194.64
2025-11-27,C013,Produit_1,79.9,3,Est,239.70000000000002
2026-03-19,C089,Produit_1,30.03,4,Nord,120.12
2026-03-13,C100,Produit_2,81.14,1,Ouest,81.14
2025-10-17,C017,Produit_9,11.21,2,Nord,22.42
2026-03-03,C095,Produit_6,64.35,5,Sud,321.75
2026-03-06,C022,Produit_10,92.02,5,Ouest,460.09999999999997
2025-12-07,C049,Produit_5,48.27,3,Ouest,144.81
2026-02-11,C029,Produit_3,48.4,4,Est,193.6
2026-02-21,C060,Produit_1,62.89,2,Sud,125.78
2025-10-05,C037,Produit_9,61.43,3,Ouest,184.29
2025-09-25,C077,Produit_5,16.07,3,Est,48.21
2025-09-30,C028,Produit_8,66.85,3,Sud,200.54999999999998
2025-12-17,C043,Produit_1,63.98,5,Nord,319.9
2025-12-16,C079,Produit_10,72.2,1,Est,72.2
2026-03-17,C027,Produit_7,56.04,4,Ouest,224.16
2025-09-26,C097,Produit_7,36.97,5,Sud,184.85
2025-10-28,C041,Produit_10,88.44,3,Nord,265.32
2025-12-20,C062,Produit_3,33.03,3,Nord,99.09
2025-10-10,C068,Produit_5,84.79,5,Nord,423.95000000000005
2025-12-21,C077,Produit_10,67.31,4,Est,269.24
2026-01-25,C028,Produit_3,19.11,1,Sud,19.11
2025-10-18,C007,Produit_4,24.92,5,Ouest,124.60000000000001
2026-01-19,C023,Produit_7,27.66,3,Sud,82.98
2026-02-01,C047,Produit_4,65.91,5,Nord,329.54999999999995
2026-01-25,C025,Produit_1,83.88,2,Ouest,167.76
2025-11-27,C073,Produit_10,13.98,5,Est,69.9
2025-10-18,C003,Produit_6,31.07,1,Nord,31.07
2026-01-13,C019,Produit_8,40.74,1,Est,40.74
2025-11-26,C094,Produit_2,44.99,2,Sud,89.98
2026-03-13,C096,Produit_10,55.65,1,Nord,55.65
2025-10-08,C023,Produit_8,90.51,1,Sud,90.51
2026-02-05,C016,Produit_7,35.41,2,Est,70.82
2026-01-21,C063,Produit_8,91.47,2,Ouest,182.94
2026-01-24,C062,Produit_10,94.57,4,Ouest,378.28
2025-11-14,C059,Produit_2,18.78,5,Est,93.9
2026-02-15,C027,Produit_4,30.94,5,Nord,154.70000000000002
2026-03-06,C024,Produit_10,81.15,2,Est,162.3
2025-12-26,C038,Produit_3,28.32,1,Sud,28.32
2026-02-22,C072,Produit_9,87.52,3,Nord,262.56
2025-12-11,C020,Produit_7,14.25,4,Sud,57.0
2025-10-19,C003,Produit_4,18.73,3,Est,56.19
2025-10-06,C039,Produit_3,55.98,5,Sud,279.9
2025-11-18,C071,Produit_2,14.92,3,Sud,44.76
2026-01-07,C026,Produit_1,43.85,3,Nord,131.55
2025-12-02,C068,Produit_5,96.84,3,Nord,290.52
2025-12-30,C056,Produit_7,79.8,1,Nord,79.8
2025-12-08,C041,Produit_8,56.97,2,Est,113.94
2026-02-02,C063,Produit_4,96.43,1,Ouest,96.43
2026-03-04,C038,Produit_8,22.74,5,Est,113.69999999999999
2025-11-18,C019,Produit_6,21.77,2,Sud,43.54
2026-03-13,C059,Produit_10,51.07,2,Est,102.14
2026-01-18,C075,Produit_3,80.9,5,Est,404.5
2026-02-16,C063,Produit_4,67.55,1,Nord,67.55
2026-02-24,C067,Produit_1,81.1,1,Ouest,81.1
2025-12-17,C056,Produit_9,73.83,3,Ouest,221.49
2025-12-24,C092,Produit_7,93.26,3,Est,279.78000000000003
2025-12-20,C068,Produit_5,96.18,2,Sud,192.36
2025-12-10,C060,Produit_1,29.93,2,Sud,59.86
2026-01-13,C039,Produit_2,91.76,1,Sud,91.76
2026-01-28,C048,Produit_7,13.08,2,Ouest,26.16
2025-10-04,C038,Produit_1,64.76,3,Nord,194.28000000000003
2025-10-25,C096,Produit_6,86.46,1,Est,86.46
2026-03-23,C099,Produit_8,93.05,5,Nord,465.25
2025-10-06,C075,Produit_5,38.47,5,Ouest,192.35
2025-11-16,C091,Produit_4,44.78,4,Nord,179.12
2026-03-15,C007,Produit_4,37.7,3,Est,113.10000000000001
2026-03-11,C069,Produit_8,71.1,3,Ouest,213.29999999999998
2026-03-22,C029,Produit_10,46.65,3,Sud,139.95
2025-11-16,C049,Produit_5,20.93,2,Est,41.86
2025-10-11,C098,Produit_10,19.82,1,Est,19.82
2025-11-19,C012,Produit_5,97.19,1,Est,97.19
2026-03-24,C079,Produit_10,45.92,2,Ouest,91.84
2025-12-26,C077,Produit_6,63.21,4,Est,252.84
2025-12-13,C037,Produit_9,24.09,2,Nord,48.18
2025-11-15,C092,Produit_10,53.29,4,Sud,213.16
2026-03-07,C025,Produit_9,43.5,1,Ouest,43.5
2025-11-23,C034,Produit_8,61.59,5,Sud,307.95000000000005
2025-12-05,C068,Produit_3,64.41,3,Est,193.23
2025-12-30,C097,Produit_1,31.25,1,Sud,31.25
2025-11-23,C070,Produit_9,90.05,4,Sud,360.2
2026-02-12,C091,Produit_8,54.68,2,Ouest,109.36
2026-03-22,C013,Produit_7,11.08,3,Est,33.24
2025-10-27,C003,Produit_2,70.77,1,Sud,70.77
2025-10-05,C017,Produit_4,29.79,1,Sud,29.79
2026-03-23,C016,Produit_5,91.22,2,Ouest,182.44
2025-11-03,C026,Produit_9,24.25,2,Ouest,48.5
2025-10-31,C056,Produit_1,26.94,4,Sud,107.76
2026-02-12,C010,Produit_6,81.8,1,Sud,81.8
2026-01-06,C065,Produit_2,99.78,1,Sud,99.78
2025-11-07,C051,Produit_2,42.74,3,Sud,128.22
2026-03-08,C015,Produit_8,57.17,5,Ouest,285.85
2025-10-20,C028,Produit_10,13.39,2,Nord,26.78
2025-11-30,C092,Produit_2,35.87,1,Sud,35.87
2025-09-27,C035,Produit_7,82.48,5,Est,412.40000000000003
2025-11-28,C036,Produit_3,30.72,3,Nord,92.16
2026-02-20,C057,Produit_4,94.44,5,Ouest,472.2
2025-10-19,C082,Produit_1,61.18,3,Nord,183.54
2025-11-01,C046,Produit_10,70.5,4,Ouest,282.0
2026-01-10,C099,Produit_6,95.04,1,Sud,95.04
2026-01-20,C047,Produit_1,35.08,3,Nord,105.24
2025-09-26,C039,Produit_6,93.09,4,Est,372.36
2025-11-10,C016,Produit_10,27.28,5,Est,136.4
2026-01-03,C027,Produit_10,11.9,2,Ouest,23.8
2025-12-18,C022,Produit_4,15.27,4,Est,61.08
2026-01-24,C096,Produit_3,84.1,1,Nord,84.1
2026-02-26,C015,Produit_10,36.02,4,Sud,144.08
2026-02-21,C016,Produit_1,54.24,2,Nord,108.48
2026-02-05,C040,Produit_6,45.47,2,Ouest,90.94
2025-11-18,C036,Produit_2,35.74,1,Ouest,35.74
2025-10-31,C038,Produit_2,37.03,3,Sud,111.09
2026-01-27,C005,Produit_6,11.31,2,Ouest,22.62
2025-11-25,C017,Produit_5,49.81,3,Sud,149.43
2025-12-16,C090,Produit_2,71.92,5,Nord,359.6
2025-11-27,C066,Produit_7,76.48,3,Ouest,229.44
2025-10-09,C051,Produit_8,35.07,1,Nord,35.07
2025-10-02,C072,Produit_4,48.52,5,Sud,242.60000000000002
2026-02-03,C077,Produit_3,62.75,4,Ouest,251.0
2025-12-21,C058,Produit_6,28.75,1,Est,28.75
2025-10-28,C023,Produit_7,88.13,3,Nord,264.39
2026-01-23,C087,Produit_9,58.94,3,Ouest,176.82
2025-11-09,C044,Produit_8,32.9,5,Nord,164.5
2025-12-07,C010,Produit_9,90.34,1,Ouest,90.34
2025-11-09,C004,Produit_3,95.79,2,Est,191.58
2026-02-23,C069,Produit_5,90.41,2,Ouest,180.82
2025-12-16,C100,Produit_4,86.96,4,Nord,347.84
2025-11-11,C042,Produit_4,19.21,3,Est,57.63
2025-11-14,C028,Produit_6,17.93,3,Ouest,53.79
2026-01-30,C004,Produit_4,78.38,2,Nord,156.76
2025-12-09,C001,Produit_2,46.32,3,Ouest,138.96
2025-10-06,C029,Produit_6,36.59,5,Est,182.95000000000002
2025-10-01,C001,Produit_2,64.15,1,Nord,64.15
2026-02-08,C022,Produit_4,50.59,2,Est,101.18
2026-02-03,C049,Produit_2,39.93,2,Nord,79.86
2025-10-03,C100,Produit_5,83.49,4,Ouest,333.96
2025-10-10,C093,Produit_2,21.6,4,Sud,86.4
2025-12-11,C078,Produit_2,58.46,2,Nord,116.92
2026-03-01,C040,Produit_2,82.87,5,Sud,414.35
2025-10-29,C043,Produit_3,52.45,2,Nord,104.9
2026-01-19,C042,Produit_9,97.0,1,Est,97.0
2025-12-29,C018,Produit_5,78.77,3,Est,236.31
2026-02-27,C050,Produit_7,38.22,3,Ouest,114.66
2025-11-07,C050,Produit_2,79.2,3,Ouest,237.60000000000002
2026-03-21,C066,Produit_5,92.04,1,Nord,92.04
2025-11-05,C053,Produit_5,19.26,2,Nord,38.52
2026-03-11,C029,Produit_4,41.7,3,Nord,125.10000000000001
2026-03-26,C035,Produit_10,25.82,2,Sud,51.64
2025-10-24,C044,Produit_2,98.19,4,Sud,392.76
2026-01-22,C063,Produit_9,69.48,3,Sud,208.44
2026-02-12,C090,Produit_3,72.91,5,Ouest,364.54999999999995
2026-02-19,C011,Produit_10,10.04,2,Est,20.08
2025-12-15,C057,Produit_3,18.52,4,Nord,74.08
2026-01-12,C021,Produit_6,67.65,5,Ouest,338.25
2025-11-30,C057,Produit_9,47.86,4,Ouest,191.44
2025-11-02,C007,Produit_5,41.67,2,Sud,83.34
2026-01-03,C003,Produit_10,32.12,5,Est,160.6
2026-03-21,C022,Produit_3,27.92,3,Est,83.76
2025-10-24,C068,Produit_5,37.43,2,Nord,74.86
2026-02-02,C026,Produit_7,99.75,2,Est,199.5
2026-03-18,C005,Produit_2,61.9,5,Est,309.5
2025-10-06,C025,Produit_7,16.29,5,Ouest,81.44999999999999
2026-03-08,C014,Produit_5,24.83,5,Sud,124.14999999999999
2026-02-24,C039,Produit_5,10.62,1,Sud,10.62
2025-11-22,C057,Produit_2,94.6,5,Sud,473.0
2025-09-28,C095,Produit_3,72.73,4,Nord,290.92
2026-03-13,C051,Produit_5,50.45,3,Ouest,151.35000000000002
2026-01-19,C077,Produit_2,88.54,5,Ouest,442.70000000000005
2025-11-16,C078,Produit_9,32.8,2,Ouest,65.6
2025-11-01,C008,Produit_10,67.48,2,Sud,134.96
2025-12-22,C007,Produit_2,10.78,2,Nord,21.56
2025-10-09,C089,Produit_6,49.39,4,Est,197.56
2025-10-12,C041,Produit_4,39.23,5,Sud,196.14999999999998
2025-10-06,C024,Produit_8,49.39,2,Sud,98.78
2025-10-23,C070,Produit_4,49.94,4,Sud,199.76
2025-11-28,C029,Produit_9,81.76,3,Est,245.28000000000003
2025-11-12,C040,Produit_8,66.39,5,Ouest,331.95
2026-01-08,C028,Produit_2,97.28,3,Ouest,291.84000000000003
2025-11-21,C036,Produit_7,88.26,3,Ouest,264.78000000000003
2026-02-25,C061,Produit_4,63.16,4,Nord,252.64
2026-01-01,C004,Produit_9,66.07,4,Sud,264.28
2026-01-22,C006,Produit_9,79.23,2,Sud,158.46
2025-10-19,C080,Produit_8,89.44,5,Nord,447.2
2025-11-09,C006,Produit_6,32.65,3,Est,97.94999999999999
2026-01-16,C093,Produit_3,87.31,2,Est,174.62
2025-11-23,C065,Produit_2,99.23,4,Est,396.92
2025-12-16,C058,Produit_3,84.68,4,Sud,338.72
2026-02-09,C050,Produit_7,26.83,5,Ouest,134.14999999999998
2026-03-04,C075,Produit_1,16.26,4,Est,65.04
2026-03-07,C017,Produit_1,11.79,2,Sud,23.58
2025-10-07,C030,Produit_2,60.88,3,Sud,182.64000000000001
2025-11-12,C011,Produit_4,65.38,1,Est,65.38
2025-10-15,C069,Produit_1,36.77,3,Est,110.31
2026-02-07,C075,Produit_3,62.84,4,Ouest,251.36
2025-11-28,C020,Produit_3,15.43,2,Sud,30.86
2025-12-12,C018,Produit_9,29.75,5,Est,148.75
2025-11-13,C080,Produit_4,83.24,2,Ouest,166.48
2026-01-27,C019,Produit_4,80.23,4,Ouest,320.92
2026-02-04,C081,Produit_2,74.46,2,Est,148.92
2025-12-09,C027,Produit_10,90.55,4,Nord,362.2
2025-09-27,C037,Produit_10,21.45,3,Nord,64.35
2025-11-25,C001,Produit_5,73.64,3,Sud,220.92000000000002
2026-01-06,C086,Produit_4,60.11,3,Est,180.32999999999998
2026-03-01,C024,Produit_8,26.88,3,Ouest,80.64
2025-11-07,C080,Produit_10,59.47,2,Nord,118.94
2026-01-30,C064,Produit_9,97.69,5,Nord,488.45
2026-01-02,C029,Produit_9,47.51,2,Ouest,95.02
2025-12-29,C001,Produit_10,38.65,5,Nord,193.25
2025-10-16,C064,Produit_9,57.34,5,Ouest,286.70000000000005
2025-10-07,C076,Produit_2,95.62,5,Ouest,478.1
2026-02-28,C079,Produit_1,90.54,3,Nord,271.62
2026-01-07,C015,Produit_7,57.88,5,Est,289.40000000000003
2025-12-22,C092,Produit_6,91.89,3,Ouest,275.67
2025-12-16,C078,Produit_9,56.32,5,Nord,281.6
2026-02-09,C092,Produit_9,74.18,1,Ouest,74.18
2025-10-25,C081,Produit_1,12.83,2,Sud,25.66
2025-10-11,C062,Produit_7,15.93,2,Est,31.86
2026-02-02,C044,Produit_1,11.82,3,Sud,35.46
2026-02-05,C018,Produit_7,45.14,2,Sud,90.28
2026-01-14,C054,Produit_1,80.75,2,Est,161.5
2026-03-10,C045,Produit_4,93.84,2,Sud,187.68
2025-09-26,C098,Produit_9,39.05,4,Ouest,156.2
2025-09-27,C046,Produit_7,30.08,4,Est,120.32
2026-01-23,C038,Produit_10,97.48,1,Sud,97.48
2026-02-26,C066,Produit_6,99.92,5,Sud,499.6
2025-12-19,C017,Produit_2,39.19,4,Sud,156.76
2026-01-18,C067,Produit_9,71.47,1,Est,71.47
2026-03-16,C067,Produit_1,11.91,2,Ouest,23.82
2025-10-18,C035,Produit_8,17.99,4,Sud,71.96
2026-01-28,C006,Produit_2,48.27,1,Ouest,48.27
2025-10-29,C089,Produit_3,73.86,4,Sud,295.44
2026-01-23,C025,Produit_6,26.75,5,Nord,133.75
2026-01-15,C060,Produit_4,28.03,5,Ouest,140.15
2025-12-10,C066,Produit_9,12.03,1,Nord,12.03
2025-10-27,C068,Produit_9,80.31,2,Nord,160.62
2025-10-24,C073,Produit_3,59.15,4,Nord,236.6
2026-03-12,C019,Produit_9,59.6,1,Nord,59.6
2025-10-27,C093,Produit_1,19.26,3,Est,57.78
2025-10-12,C046,Produit_3,78.83,3,Ouest,236.49
2026-03-20,C090,Produit_7,34.44,4,Ouest,137.76
2025-10-14,C077,Produit_4,35.82,1,Nord,35.82
2026-01-16,C050,Produit_7,41.14,5,Ouest,205.7
2026-02-28,C086,Produit_10,74.44,4,Est,297.76
2025-12-16,C080,Produit_6,22.73,3,Nord,68.19
2025-09-28,C067,Produit_10,12.98,4,Nord,51.92
2025-10-26,C015,Produit_8,12.57,5,Est,62.85
2025-12-04,C075,Produit_3,82.5,1,Ouest,82.5
2025-10-14,C052,Produit_1,73.46,5,Est,367.29999999999995
2026-02-03,C078,Produit_8,87.28,4,Sud,349.12
2026-01-28,C013,Produit_3,43.21,1,Ouest,43.21
2025-10-12,C043,Produit_2,61.96,1,Ouest,61.96
2025-10-29,C014,Produit_2,12.06,5,Est,60.300000000000004
2026-02-24,C094,Produit_9,63.7,1,Sud,63.7
2026-03-11,C092,Produit_3,47.01,4,Est,188.04
2025-12-15,C079,Produit_9,15.06,4,Nord,60.24
2025-10-07,C065,Produit_6,49.89,1,Ouest,49.89
2026-01-30,C056,Produit_3,77.74,3,Ouest,233.21999999999997
2025-11-28,C036,Produit_2,91.96,4,Est,367.84
2025-09-25,C040,Produit_6,28.89,1,Ouest,28.89
2026-03-16,C042,Produit_6,15.23,2,Est,30.46
2025-10-05,C085,Produit_8,53.78,5,Nord,268.9
2025-11-04,C100,Produit_8,34.43,4,Nord,137.72
2026-02-19,C048,Produit_3,74.49,4,Est,297.96
2025-12-22,C080,Produit_2,54.34,3,Est,163.02
2026-01-18,C065,Produit_1,84.73,5,Sud,423.65000000000003
2025-10-10,C012,Produit_5,67.95,1,Ouest,67.95
2025-12-29,C009,Produit_8,97.24,3,Ouest,291.71999999999997
2026-02-25,C057,Produit_4,27.35,2,Ouest,54.7
2026-02-24,C038,Produit_5,42.98,4,Nord,171.92
2025-12-12,C068,Produit_5,16.59,3,Ouest,49.769999999999996
2025-11-29,C001,Produit_5,41.35,4,Sud,165.4
2025-10-03,C068,Produit_4,90.57,2,Ouest,181.14
2026-03-14,C093,Produit_6,23.97,5,Est,119.85
2026-03-26,C077,Produit_3,80.72,3,Ouest,242.16
2025-12-10,C029,Produit_3,60.86,3,Nord,182.57999999999998
2026-01-03,C044,Produit_3,49.23,1,Sud,49.23
2025-10-03,C073,Produit_8,58.09,1,Ouest,58.09
2026-01-23,C049,Produit_3,17.79,2,Est,35.58
2025-12-27,C080,Produit_3,62.02,2,Ouest,124.04
2025-11-16,C001,Produit_4,87.46,5,Sud,437.29999999999995
2026-02-05,C009,Produit_4,58.18,3,Nord,174.54
2025-12-03,C004,Produit_6,80.62,5,Sud,403.1
2025-10-21,C003,Produit_10,86.18,5,Est,430.90000000000003
2025-09-25,C027,Produit_8,73.18,3,Nord,219.54000000000002
2025-10-24,C077,Produit_9,38.49,2,Ouest,76.98
2026-02-01,C041,Produit_9,83.41,3,Sud,250.23
2026-03-04,C082,Produit_6,47.7,3,Sud,143.10000000000002
2025-12-06,C017,Produit_6,24.94,5,Est,124.7
2025-11-28,C064,Produit_4,79.89,4,Ouest,319.56
2026-01-24,C075,Produit_10,43.3,5,Ouest,216.5
2025-12-04,C085,Produit_5,85.37,4,Sud,341.48
2026-02-24,C032,Produit_8,69.74,1,Est,69.74
2025-11-19,C050,Produit_4,97.31,3,Ouest,291.93
2025-11-16,C008,Produit_2,57.23,2,Nord,114.46
2026-02-20,C042,Produit_1,89.53,1,Est,89.53
2025-10-31,C035,Produit_10,29.3,5,Nord,146.5
2025-12-13,C021,Produit_6,65.78,5,Est,328.9
2025-10-11,C080,Produit_8,24.77,5,Sud,123.85
2025-12-28,C026,Produit_8,22.51,5,Nord,112.55000000000001
2025-11-29,C049,Produit_6,39.45,1,Ouest,39.45
2026-01-19,C064,Produit_1,66.48,4,Sud,265.92
2026-03-18,C064,Produit_10,17.07,2,Ouest,34.14
2025-11-08,C055,Produit_6,79.23,2,Ouest,158.46
2026-01-31,C048,Produit_4,11.23,1,Ouest,11.23
2026-01-07,C075,Produit_4,28.06,1,Est,28.06
2025-09-26,C008,Produit_8,92.14,1,Est,92.14
2026-02-27,C068,Produit_1,78.5,3,Nord,235.5
2025-10-09,C008,Produit_1,61.05,3,Ouest,183.14999999999998
2025-10-08,C018,Produit_3,79.47,2,Nord,158.94
2026-01-18,C028,Produit_5,57.49,1,Ouest,57.49
2026-02-23,C096,Produit_7,65.22,3,Nord,195.66
2026-01-09,C070,Produit_9,77.54,2,Sud,155.08
2025-11-09,C098,Produit_9,76.55,5,Sud,382.75
2025-12-29,C043,Produit_10,20.45,2,Sud,40.9
2025-10-25,C085,Produit_1,43.35,3,Nord,130.05
2025-11-14,C016,Produit_4,74.19,4,Nord,296.76
2025-11-12,C088,Produit_1,24.5,1,Nord,24.5
2025-11-09,C096,Produit_7,21.53,1,Nord,21.53
2026-01-16,C034,Produit_9,90.43,1,Ouest,90.43
2025-12-15,C044,Produit_2,97.42,4,Sud,389.68
2025-10-18,C049,Produit_4,90.94,2,Sud,181.88
2025-11-03,C025,Produit_10,59.6,2,Est,119.2
2026-01-04,C044,Produit_3,79.18,4,Est,316.72
2025-11-15,C008,Produit_4,52.53,4,Sud,210.12
2026-01-08,C050,Produit_3,73.69,4,Sud,294.76
2025-12-19,C089,Produit_2,96.56,4,Ouest,386.24
2026-03-07,C058,Produit_9,22.72,2,Est,45.44
2026-03-09,C061,Produit_2,32.17,4,Nord,128.68
2025-12-24,C082,Produit_8,47.78,1,Ouest,47.78
2025-10-27,C005,Produit_6,69.63,2,Ouest,139.26
2025-10-31,C016,Produit_9,29.55,5,Ouest,147.75
2025-11-26,C075,Produit_6,14.27,3,Nord,42.81
2026-02-27,C078,Produit_3,72.99,5,Sud,364.95
2026-03-06,C081,Produit_2,29.12,2,Sud,58.24
2026-01-09,C041,Produit_8,17.61,5,Ouest,88.05
2025-10-11,C043,Produit_1,39.46,2,Sud,78.92
2025-10-04,C045,Produit_2,79.14,3,Nord,237.42000000000002
2025-10-06,C050,Produit_6,87.23,4,Sud,348.92
2025-09-26,C092,Produit_10,95.76,3,Nord,287.28000000000003
2025-11-08,C048,Produit_4,14.79,2,Est,29.58
2026-03-07,C016,Produit_2,27.48,1,Ouest,27.48
2026-02-03,C077,Produit_6,94.22,4,Nord,376.88
2025-11-27,C039,Produit_9,38.05,1,Nord,38.05
2026-01-14,C053,Produit_3,82.09,3,Nord,246.27
2025-12-22,C095,Produit_8,95.27,5,Nord,476.34999999999997
2026-02-18,C048,Produit_3,47.17,2,Est,94.34
2026-03-21,C067,Produit_3,22.11,4,Ouest,88.44
2025-12-01,C026,Produit_4,32.05,4,Sud,128.2
2025-12-14,C073,Produit_2,71.18,2,Sud,142.36
2026-03-15,C087,Produit_1,14.86,5,Est,74.3
2026-03-03,C074,Produit_8,65.44,4,Ouest,261.76
2025-11-10,C099,Produit_7,61.57,4,Ouest,246.28
2026-01-31,C090,Produit_2,92.18,4,Ouest,368.72
2026-03-20,C007,Produit_1,71.92,5,Nord,359.6
2025-10-01,C081,Produit_4,22.55,5,Sud,112.75
2026-03-03,C085,Produit_5,42.51,1,Ouest,42.51
2026-01-08,C018,Produit_7,14.57,4,Sud,58.28
2025-12-04,C073,Produit_3,59.66,2,Ouest,119.32
2026-02-24,C025,Produit_2,65.89,1,Sud,65.89
2026-01-27,C011,Produit_3,64.75,2,Sud,129.5
2025-11-13,C059,Produit_2,67.07,4,Ouest,268.28
2025-10-21,C062,Produit_3,79.18,4,Sud,316.72
2026-02-21,C079,Produit_1,32.45,1,Ouest,32.45
2025-10-03,C025,Produit_6,41.35,2,Ouest,82.7
2026-01-19,C069,Produit_1,33.31,1,Ouest,33.31
2025-11-20,C009,Produit_1,39.35,4,Sud,157.4
2026-03-04,C093,Produit_7,95.9,1,Ouest,95.9
2025-09-28,C043,Produit_9,96.15,1,Sud,96.15
2026-01-12,C092,Produit_1,20.48,5,Nord,102.4
2025-12-20,C084,Produit_9,10.59,1,Est,10.59
2025-11-24,C008,Produit_2,75.91,3,Sud,227.73
2025-10-08,C097,Produit_10,41.1,4,Nord,164.4
2025-12-15,C090,Produit_7,29.39,5,Ouest,146.95
2025-10-12,C056,Produit_8,22.8,2,Sud,45.6
2026-03-20,C083,Produit_2,99.54,2,Nord,199.08
2026-03-14,C039,Produit_7,81.55,4,Ouest,326.2
2025-12-08,C040,Produit_9,12.47,3,Est,37.410000000000004
2026-01-31,C074,Produit_10,61.18,5,Sud,305.9
2025-12-04,C003,Produit_7,73.49,4,Sud,293.96
2025-10-08,C077,Produit_9,49.89,2,Sud,99.78
2025-10-25,C092,Produit_9,83.9,4,Ouest,335.6
2026-02-06,C012,Produit_1,31.65,3,Nord,94.94999999999999
2026-01-14,C040,Produit_2,50.13,2,Est,100.26
2025-09-25,C095,Produit_8,74.16,4,Ouest,296.64
2026-03-11,C028,Produit_8,33.9,3,Ouest,101.69999999999999
2025-10-11,C037,Produit_8,38.48,5,Ouest,192.39999999999998
2025-09-27,C059,Produit_3,99.03,2,Est,198.06
2026-02-19,C012,Produit_4,53.65,5,Sud,268.25
2025-11-27,C008,Produit_1,75.49,1,Est,75.49
2025-11-30,C077,Produit_8,45.91,2,Nord,91.82
2026-02-04,C025,Produit_5,28.22,1,Ouest,28.22
2025-12-19,C039,Produit_7,84.95,5,Sud,424.75
2026-01-03,C097,Produit_8,24.91,2,Est,49.82
2026-01-31,C085,Produit_8,18.74,2,Ouest,37.48
2025-11-09,C056,Produit_7,50.35,3,Sud,151.05
2026-02-18,C029,Produit_7,41.01,1,Nord,41.01
2025-12-22,C066,Produit_8,27.41,3,Ouest,82.23
2026-03-09,C062,Produit_3,30.41,2,Sud,60.82
2026-03-13,C091,Produit_5,56.43,5,Nord,282.15
2025-12-28,C053,Produit_6,63.44,1,Sud,63.44
2026-01-09,C067,Produit_10,10.84,2,Sud,21.68
2025-11-13,C092,Produit_3,23.38,2,Sud,46.76
2025-10-22,C034,Produit_10,72.08,2,Est,144.16
2025-11-15,C003,Produit_2,16.5,5,Nord,82.5
2026-01-15,C091,Produit_8,17.79,5,Est,88.94999999999999
2025-11-01,C088,Produit_9,52.51,5,Est,262.55
2025-11-30,C047,Produit_5,77.62,4,Nord,310.48
2026-01-05,C098,Produit_6,41.03,2,Est,82.06
2026-01-17,C056,Produit_2,94.27,4,Ouest,377.08
2025-12-31,C004,Produit_6,99.05,3,Est,297.15
2025-11-18,C080,Produit_10,41.71,3,Ouest,125.13
2025-10-05,C098,Produit_3,22.44,3,Est,67.32000000000001
2026-01-02,C004,Produit_6,80.86,1,Nord,80.86
2025-12-28,C057,Produit_6,35.67,2,Ouest,71.34
2025-11-23,C089,Produit_5,19.94,4,Est,79.76
2025-12-07,C076,Produit_7,18.41,5,Sud,92.05
2026-01-09,C015,Produit_4,42.48,3,Nord,127.44
2026-01-11,C087,Produit_9,66.7,3,Sud,200.10000000000002
2025-10-01,C085,Produit_6,10.24,1,Ouest,10.24
2026-01-18,C082,Produit_4,75.89,4,Nord,303.56
2025-12-09,C051,Produit_4,27.66,1,Ouest,27.66
2026-01-14,C023,Produit_3,40.54,4,Ouest,162.16
2025-10-13,C025,Produit_6,17.37,1,Ouest,17.37
2025-11-23,C062,Produit_7,49.61,3,Sud,148.82999999999998
2026-03-14,C035,Produit_10,74.48,5,Ouest,372.40000000000003
2025-11-03,C002,Produit_7,65.4,3,Nord,196.20000000000002
2025-12-09,C058,Produit_3,39.39,2,Nord,78.78
2026-03-07,C100,Produit_8,92.16,3,Nord,276.48
2026-01-19,C077,Produit_8,55.9,4,Est,223.6
2026-01-19,C089,Produit_3,34.68,3,Ouest,104.03999999999999
2026-03-14,C082,Produit_7,12.42,5,Ouest,62.1
2025-11-20,C084,Produit_1,98.43,3,Sud,295.29
2026-01-20,C017,Produit_3,23.71,2,Nord,47.42
2025-10-19,C062,Produit_6,50.53,5,Nord,252.65
2026-02-16,C060,Produit_7,65.47,5,Sud,327.35
2026-01-05,C051,Produit_8,44.95,5,Sud,224.75
2025-11-18,C047,Produit_4,55.81,1,Sud,55.81
2025-11-24,C056,Produit_10,35.15,3,Sud,105.44999999999999
2026-01-26,C065,Produit_9,97.05,1,Nord,97.05
2026-02-05,C010,Produit_8,39.72,1,Sud,39.72
2026-01-11,C074,Produit_7,71.77,4,Nord,287.08
2025-10-06,C008,Produit_3,23.48,5,Ouest,117.4
2026-01-06,C082,Produit_7,54.8,3,Nord,164.39999999999998
2025-12-15,C017,Produit_8,83.69,3,Nord,251.07
2025-12-18,C042,Produit_7,97.51,3,Nord,292.53000000000003
2025-12-18,C027,Produit_4,12.29,2,Ouest,24.58
2025-12-07,C093,Produit_7,23.84,4,Ouest,95.36
2025-10-07,C036,Produit_3,46.88,2,Nord,93.76
2025-11-11,C010,Produit_9,87.28,1,Sud,87.28
2026-03-14,C043,Produit_8,10.05,5,Est,50.25
2025-12-06,C009,Produit_1,11.68,3,Nord,35.04
2026-01-31,C072,Produit_1,80.94,4,Est,323.76
2026-03-03,C086,Produit_5,42.25,3,Ouest,126.75
2025-10-16,C034,Produit_6,23.48,4,Nord,93.92
2025-12-19,C087,Produit_7,86.02,5,Sud,430.09999999999997
2025-11-21,C022,Produit_10,56.79,1,Est,56.79
2025-11-03,C017,Produit_3,37.04,3,Est,111.12
2025-10-12,C061,Produit_7,87.11,2,Ouest,174.22
2025-12-05,C093,Produit_2,90.4,3,Est,271.20000000000005
2026-02-11,C032,Produit_7,76.28,2,Nord,152.56
2025-10-07,C093,Produit_3,46.7,3,Ouest,140.10000000000002
2026-01-10,C080,Produit_1,21.79,3,Sud,65.37
2025-10-05,C028,Produit_1,83.74,4,Nord,334.96
2026-01-30,C094,Produit_7,79.63,4,Nord,318.52
2026-03-25,C049,Produit_5,32.86,4,Nord,131.44
2025-12-07,C062,Produit_9,73.8,4,Sud,295.2
2025-12-02,C037,Produit_7,67.44,2,Nord,134.88
2026-01-16,C024,Produit_6,83.08,2,Est,166.16
2025-11-23,C047,Produit_5,76.98,2,Est,153.96
2026-02-04,C087,Produit_7,95.58,4,Sud,382.32
2025-11-22,C029,Produit_1,18.18,5,Nord,90.9
2026-02-04,C070,Produit_6,57.0,4,Sud,228.0
2026-03-15,C016,Produit_1,67.45,1,Ouest,67.45
2025-10-13,C078,Produit_10,43.47,5,Est,217.35
2026-02-24,C021,Produit_9,86.19,2,Sud,172.38
2026-01-08,C092,Produit_2,60.84,4,Nord,243.36
2025-11-02,C096,Produit_2,81.58,1,Nord,81.58
2025-09-25,C098,Produit_4,41.49,4,Est,165.96
2026-01-24,C097,Produit_8,65.4,4,Nord,261.6
2026-02-01,C060,Produit_2,56.71,4,Sud,226.84
2025-11-22,C001,Produit_3,76.95,2,Ouest,153.9
2026-01-19,C040,Produit_8,88.01,4,Nord,352.04
2026-02-02,C035,Produit_3,34.39,5,Ouest,171.95
2025-12-14,C035,Produit_1,27.12,1,Est,27.12
2025-12-22,C021,Produit_6,40.07,1,Nord,40.07
2025-12-31,C042,Produit_8,10.01,4,Sud,40.04
2025-09-28,C046,Produit_3,96.39,1,Nord,96.39
2025-12-27,C089,Produit_6,64.89,5,Nord,324.45
2026-02-23,C073,Produit_3,79.25,3,Nord,237.75
2025-11-01,C084,Produit_6,42.15,3,Sud,126.44999999999999
2025-10-21,C082,Produit_2,77.37,2,Nord,154.74
2025-10-16,C001,Produit_10,13.49,3,Est,40.47
2025-12-07,C064,Produit_6,44.77,4,Est,179.08
2025-10-11,C032,Produit_4,34.23,1,Est,34.23
2025-12-25,C002,Produit_9,78.22,4,Nord,312.88
2025-09-27,C016,Produit_1,63.12,3,Est,189.35999999999999
2025-09-27,C053,Produit_10,63.48,2,Est,126.96
2026-02-23,C051,Produit_7,66.19,5,Est,330.95
2026-02-01,C096,Produit_9,24.55,1,Nord,24.55
2026-03-21,C037,Produit_7,41.19,2,Ouest,82.38
2026-03-26,C036,Produit_8,45.54,3,Nord,136.62
2025-12-09,C065,Produit_3,75.01,4,Nord,300.04
2025-11-18,C018,Produit_3,80.99,1,Ouest,80.99
2025-09-27,C026,Produit_8,48.61,3,Est,145.82999999999998
2026-02-04,C063,Produit_1,45.5,2,Sud,91.0
2025-12-27,C074,Produit_1,20.26,2,Nord,40.52
2025-11-24,C072,Produit_4,65.43,3,Est,196.29000000000002
2025-11-17,C051,Produit_10,93.99,2,Sud,187.98
2025-12-31,C003,Produit_4,81.53,3,Est,244.59
2025-10-01,C020,Produit_9,71.81,3,Ouest,215.43
2026-03-17,C063,Produit_3,42.36,2,Sud,84.72
2025-11-18,C064,Produit_7,63.62,3,Est,190.85999999999999
2026-03-04,C010,Produit_10,61.62,5,Ouest,308.09999999999997
2025-11-05,C089,Produit_9,69.83,1,Ouest,69.83
2026-02-27,C049,Produit_9,93.62,5,Est,468.1
2025-10-18,C022,Produit_5,74.99,3,Ouest,224.96999999999997
2025-10-31,C055,Produit_2,27.65,1,Sud,27.65
2026-03-01,C010,Produit_3,46.71,5,Est,233.55
2025-10-09,C005,Produit_1,79.34,5,Nord,396.70000000000005
2025-12-24,C050,Produit_6,66.39,3,Est,199.17000000000002
2025-09-30,C045,Produit_7,46.52,2,Ouest,93.04
2026-02-19,C043,Produit_4,39.62,5,Est,198.1
2026-01-23,C095,Produit_2,92.62,1,Nord,92.62
2025-10-10,C018,Produit_4,46.39,1,Sud,46.39
2026-01-20,C009,Produit_8,99.97,5,Ouest,499.85
2026-01-12,C044,Produit_6,49.03,4,Est,196.12
2026-02-19,C048,Produit_6,75.51,4,Ouest,302.04
2025-10-15,C003,Produit_6,86.95,5,Sud,434.75
2025-12-11,C021,Produit_9,87.68,1,Ouest,87.68
2025-11-04,C065,Produit_5,51.8,2,Ouest,103.6
2025-11-28,C024,Produit_1,33.58,2,Est,67.16
2026-03-25,C033,Produit_10,13.43,4,Ouest,53.72
2025-10-03,C060,Produit_9,44.11,5,Nord,220.55
2026-01-28,C028,Produit_7,38.66,1,Nord,38.66
2025-11-28,C070,Produit_6,16.6,5,Sud,83.0
2025-11-14,C035,Produit_3,17.96,5,Sud,89.80000000000001
2026-02-18,C015,Produit_9,27.94,4,Sud,111.76
2026-01-03,C016,Produit_7,63.35,4,Sud,253.4
2025-09-27,C074,Produit_6,68.85,5,Est,344.25
2025-11-12,C023,Produit_8,11.49,5,Ouest,57.45
2025-12-18,C047,Produit_2,36.41,4,Sud,145.64
2025-10-30,C068,Produit_4,39.41,2,Ouest,78.82
2026-02-08,C080,Produit_9,11.78,1,Nord,11.78
2025-11-04,C082,Produit_3,73.7,3,Ouest,221.10000000000002
2026-03-23,C100,Produit_3,87.77,5,Sud,438.84999999999997
2026-01-06,C069,Produit_4,12.26,2,Ouest,24.52
2025-10-30,C026,Produit_10,47.32,4,Nord,189.28
2026-01-18,C044,Produit_10,31.67,1,Ouest,31.67
2025-10-13,C029,Produit_9,55.18,4,Est,220.72
2025-12-23,C074,Produit_9,65.59,2,Est,131.18
2026-03-03,C051,Produit_6,67.95,4,Nord,271.8
2026-01-07,C066,Produit_6,11.89,1,Nord,11.89
2026-02-12,C064,Produit_3,99.33,5,Nord,496.65
2025-11-25,C007,Produit_9,35.12,4,Sud,140.48
2025-11-08,C046,Produit_2,94.05,1,Sud,94.05
2025-12-09,C074,Produit_9,92.1,3,Est,276.29999999999995
2025-11-15,C036,Produit_9,68.49,3,Ouest,205.46999999999997
2026-03-01,C017,Produit_6,83.72,4,Est,334.88
2025-11-25,C037,Produit_1,12.77,4,Sud,51.08
2025-11-16,C008,Produit_7,29.79,5,Nord,148.95
2025-12-24,C010,Produit_1,90.28,5,Est,451.4
2025-12-27,C044,Produit_10,68.71,4,Ouest,274.84
2025-12-10,C066,Produit_4,59.13,5,Nord,295.65000000000003
2025-10-28,C087,Produit_2,71.06,5,Nord,355.3
2025-11-29,C068,Produit_10,71.77,1,Sud,71.77
2025-12-20,C088,Produit_5,86.28,3,Ouest,258.84000000000003
2026-03-04,C062,Produit_4,71.04,4,Est,284.16
2025-10-07,C091,Produit_4,17.35,3,Nord,52.050000000000004
2026-01-26,C050,Produit_1,24.99,4,Est,99.96
2026-03-22,C035,Produit_4,71.76,1,Sud,71.76
2025-11-16,C076,Produit_1,69.39,2,Sud,138.78
2026-03-19,C056,Produit_1,54.38,2,Nord,108.76
2026-03-04,C089,Produit_10,21.46,4,Ouest,85.84
2025-12-27,C097,Produit_2,15.54,3,Est,46.62
2025-12-14,C072,Produit_1,37.54,2,Ouest,75.08
2025-10-19,C034,Produit_9,53.09,5,Est,265.45000000000005
2025-10-29,C086,Produit_1,63.83,1,Nord,63.83
2025-12-16,C100,Produit_5,42.81,3,Est,128.43
2026-02-11,C037,Produit_8,11.19,3,Nord,33.57
2026-02-22,C091,Produit_4,66.3,3,Ouest,198.89999999999998
2025-12-23,C086,Produit_10,97.61,1,Ouest,97.61
2026-02-21,C005,Produit_9,67.55,5,Ouest,337.75
2025-11-22,C074,Produit_10,87.28,5,Ouest,436.4
2025-11-04,C049,Produit_10,74.67,5,Est,373.35
2025-12-25,C064,Produit_8,60.31,2,Ouest,120.62
2025-11-14,C094,Produit_4,64.5,4,Sud,258.0
2026-01-27,C030,Produit_9,36.37,3,Est,109.10999999999999
2026-02-08,C037,Produit_3,66.68,5,Nord,333.40000000000003
2025-11-27,C075,Produit_4,44.87,5,Sud,224.35
2025-10-31,C021,Produit_4,24.15,2,Est,48.3
2025-11-24,C085,Produit_3,15.51,4,Est,62.04
2026-03-04,C066,Produit_10,75.76,5,Est,378.8
2025-10-14,C032,Produit_3,70.52,3,Est,211.56
2026-03-15,C093,Produit_8,56.81,4,Ouest,227.24
2026-03-08,C033,Produit_1,75.76,1,Nord,75.76
2025-12-19,C046,Produit_8,44.24,4,Est,176.96
2026-03-04,C100,Produit_4,27.59,5,Nord,137.95
2025-12-06,C093,Produit_3,45.59,3,Est,136.77
2026-01-24,C009,Produit_5,61.17,2,Est,122.34
2026-03-08,C002,Produit_2,71.91,2,Ouest,143.82
2026-02-25,C077,Produit_2,66.64,3,Est,199.92000000000002
2026-02-11,C088,Produit_8,72.04,4,Est,288.16
2026-02-16,C061,Produit_3,89.13,4,Ouest,356.52
2025-10-07,C023,Produit_1,60.36,4,Ouest,241.44
2025-12-06,C097,Produit_1,11.86,4,Ouest,47.44
2025-10-10,C069,Produit_4,37.99,3,Est,113.97
2026-01-08,C038,Produit_10,13.26,3,Sud,39.78
2025-10-13,C003,Produit_1,92.03,2,Ouest,184.06
2026-03-25,C004,Produit_8,75.67,5,Sud,378.35
2025-11-30,C026,Produit_5,95.24,3,Ouest,285.71999999999997
2026-03-01,C012,Produit_4,57.89,3,Est,173.67000000000002
2026-03-04,C080,Produit_9,22.81,4,Nord,91.24
2026-02-12,C046,Produit_1,91.47,1,Nord,91.47
2025-09-28,C051,Produit_2,65.23,1,Est,65.23
2025-10-11,C097,Produit_5,80.68,5,Nord,403.40000000000003
2025-10-07,C063,Produit_4,41.45,1,Sud,41.45
2025-10-28,C067,Produit_9,26.96,1,Ouest,26.96
2026-01-19,C100,Produit_4,76.58,2,Ouest,153.16
2025-12-16,C017,Produit_4,11.29,5,Ouest,56.449999999999996
2025-12-13,C050,Produit_6,94.74,2,Est,189.48
2026-02-03,C084,Produit_1,56.23,1,Nord,56.23
2026-02-14,C018,Produit_6,94.33,3,Nord,282.99
2025-11-23,C099,Produit_1,57.34,2,Ouest,114.68
2026-03-06,C093,Produit_2,82.15,5,Nord,410.75
2025-12-25,C012,Produit_2,58.07,1,Est,58.07
2025-11-27,C065,Produit_8,99.43,1,Nord,99.43
2025-12-15,C008,Produit_1,89.57,1,Est,89.57
2025-10-08,C002,Produit_1,16.79,5,Nord,83.94999999999999
2026-03-13,C031,Produit_5,89.11,5,Est,445.55
2025-09-26,C007,Produit_8,44.19,1,Ouest,44.19
2026-01-02,C012,Produit_5,61.12,4,Sud,244.48
2025-11-27,C023,Produit_8,90.76,5,Nord,453.8
2026-01-31,C094,Produit_2,19.99,3,Ouest,59.97
2025-12-15,C041,Produit_3,25.13,2,Sud,50.26
2025-12-12,C005,Produit_1,76.85,2,Sud,153.7
2026-02-23,C031,Produit_1,74.73,1,Ouest,74.73
2026-02-11,C042,Produit_6,98.18,3,Sud,294.54
2026-01-08,C084,Produit_5,15.32,1,Est,15.32
2026-02-18,C023,Produit_5,13.97,5,Ouest,69.85000000000001
2025-11-16,C011,Produit_8,87.98,5,Est,439.90000000000003
2025-12-12,C016,Produit_10,61.86,4,Sud,247.44
2025-12-23,C031,Produit_8,28.09,4,Nord,112.36
2025-11-22,C082,Produit_2,30.08,2,Est,60.16
2025-11-12,C089,Produit_4,88.55,1,Sud,88.55
2025-12-22,C029,Produit_1,83.77,4,Sud,335.08
2026-01-15,C059,Produit_3,17.96,4,Nord,71.84
2026-03-22,C076,Produit_5,61.45,2,Ouest,122.9
2025-09-27,C004,Produit_8,38.59,5,Ouest,192.95000000000002
2026-02-21,C067,Produit_3,35.58,4,Est,142.32
2025-12-11,C028,Produit_9,78.39,2,Ouest,156.78
2025-11-05,C003,Produit_3,86.55,3,Nord,259.65
2025-10-18,C002,Produit_4,63.12,2,Est,126.24
2025-12-23,C011,Produit_6,64.09,4,Nord,256.36
2026-02-15,C066,Produit_1,94.39,5,Est,471.95
2025-10-15,C075,Produit_10,83.7,5,Nord,418.5
2025-10-21,C047,Produit_3,91.8,2,Nord,183.6
2026-01-10,C091,Produit_4,19.53,3,Est,58.59
2026-03-14,C030,Produit_9,15.74,1,Est,15.74
2025-12-06,C044,Produit_7,98.7,1,Est,98.7
2025-11-25,C067,Produit_1,67.34,3,Est,202.02
2026-02-25,C063,Produit_5,87.34,3,Est,262.02
2025-11-17,C089,Produit_6,41.56,5,Sud,207.8
2026-03-07,C068,Produit_5,57.22,5,Est,286.1
2026-02-28,C046,Produit_5,57.73,5,Est,288.65
2026-03-06,C075,Produit_5,79.46,1,Est,79.46
2025-11-13,C022,Produit_5,19.01,5,Est,95.05000000000001
2026-01-15,C088,Produit_5,66.2,3,Est,198.60000000000002
2025-10-16,C011,Produit_9,10.51,4,Ouest,42.04
2026-03-24,C062,Produit_7,60.61,2,Nord,121.22
2025-12-11,C045,Produit_7,94.6,3,Ouest,283.79999999999995
2025-10-20,C089,Produit_4,71.9,2,Ouest,143.8
2025-10-21,C003,Produit_8,30.86,3,Nord,92.58
2025-10-14,C078,Produit_1,39.07,5,Est,195.35
2025-09-26,C044,Produit_1,30.71,1,Sud,30.71
2026-03-03,C050,Produit_5,98.32,5,Ouest,491.59999999999997
2025-12-17,C080,Produit_1,21.16,5,Sud,105.8
2025-12-02,C027,Produit_4,98.76,4,Ouest,395.04
2026-02-27,C086,Produit_4,21.16,5,Sud,105.8
2026-02-10,C074,Produit_6,50.03,4,Sud,200.12
2025-12-02,C037,Produit_10,76.73,4,Ouest,306.92
2025-11-22,C071,Produit_2,75.86,3,Nord,227.57999999999998
2026-01-01,C007,Produit_2,72.96,1,Est,72.96
2026-03-19,C059,Produit_2,40.01,4,Nord,160.04
2026-02-19,C030,Produit_8,66.88,4,Ouest,267.52
2025-10-13,C023,Produit_1,27.85,1,Sud,27.85
2025-10-26,C032,Produit_1,12.84,4,Sud,51.36
2026-02-01,C001,Produit_7,91.66,2,Sud,183.32
2025-10-23,C072,Produit_1,56.25,3,Nord,168.75
2025-11-19,C019,Produit_10,10.58,4,Ouest,42.32
2025-10-06,C046,Produit_9,81.5,4,Nord,326.0
2026-01-03,C035,Produit_8,15.26,2,Nord,30.52
2025-10-18,C062,Produit_2,19.1,1,Ouest,19.1
2025-09-25,C087,Produit_5,58.72,2,Sud,117.44
2025-10-24,C099,Produit_6,55.23,2,Sud,110.46
2026-03-01,C059,Produit_4,17.11,1,Nord,17.11
2025-11-22,C094,Produit_9,49.92,1,Sud,49.92
2025-11-22,C080,Produit_4,98.93,3,Est,296.79
2025-09-27,C074,Produit_5,53.14,1,Ouest,53.14
2026-01-04,C026,Produit_8,10.41,4,Nord,41.64
2025-10-26,C098,Produit_5,25.72,1,Ouest,25.72
2025-10-26,C012,Produit_1,65.31,2,Est,130.62
2025-11-08,C032,Produit_3,33.06,2,Sud,66.12
2025-11-15,C071,Produit_1,80.44,2,Nord,160.88
2026-02-03,C099,Produit_7,57.78,4,Ouest,231.12
2026-03-17,C063,Produit_9,46.22,1,Sud,46.22
2026-03-04,C043,Produit_6,64.88,1,Est,64.88
2025-11-26,C042,Produit_10,14.33,4,Nord,57.32
2025-10-09,C084,Produit_7,53.55,5,Sud,267.75
2025-12-27,C081,Produit_2,77.22,1,Sud,77.22
2025-11-23,C053,Produit_3,68.4,5,Nord,342.0
2026-03-09,C019,Produit_6,75.51,3,Ouest,226.53000000000003
2025-12-29,C071,Produit_3,13.42,1,Nord,13.42
2025-12-18,C030,Produit_2,19.47,1,Ouest,19.47
2025-10-05,C067,Produit_9,91.07,5,Sud,455.34999999999997
2025-12-17,C094,Produit_7,95.02,5,Sud,475.09999999999997
2026-01-26,C077,Produit_5,39.53,4,Sud,158.12
2026-01-07,C044,Produit_3,17.73,1,Nord,17.73
2026-02-27,C084,Produit_3,55.3,3,Nord,165.89999999999998
2025-12-01,C076,Produit_5,34.86,4,Sud,139.44
2025-12-04,C039,Produit_7,99.79,3,Ouest,299.37
2026-01-08,C025,Produit_3,42.88,4,Nord,171.52
2025-12-01,C081,Produit_9,27.09,5,Ouest,135.45
2025-10-14,C057,Produit_2,35.94,4,Sud,143.76
2025-12-28,C030,Produit_3,21.08,4,Sud,84.32
2025-12-19,C095,Produit_7,65.06,3,Sud,195.18
2025-12-27,C032,Produit_1,72.51,2,Nord,145.02
2026-02-01,C071,Produit_3,91.82,1,Sud,91.82
2026-03-05,C045,Produit_3,96.8,3,Nord,290.4
2026-02-02,C028,Produit_5,22.89,4,Est,91.56
2026-03-05,C011,Produit_5,24.69,4,Ouest,98.76
2026-01-01,C081,Produit_2,44.68,4,Sud,178.72
2025-12-25,C060,Produit_1,74.32,4,Sud,297.28
2025-10-27,C090,Produit_4,82.39,2,Ouest,164.78
2025-10-14,C046,Produit_7,43.62,3,Ouest,130.85999999999999
2026-02-15,C032,Produit_1,16.07,2,Sud,32.14
2026-02-21,C049,Produit_9,64.17,2,Ouest,128.34
2026-02-01,C088,Produit_1,83.61,3,Est,250.82999999999998
2026-01-13,C025,Produit_6,20.45,5,Nord,102.25
2026-02-04,C041,Produit_9,17.58,1,Sud,17.58
2025-12-26,C015,Produit_3,73.39,5,Sud,366.95
2025-12-08,C052,Produit_9,43.42,3,Nord,130.26
2026-01-19,C097,Produit_3,54.41,3,Nord,163.23
2026-01-23,C013,Produit_6,88.11,1,Sud,88.11
2025-10-27,C004,Produit_7,81.34,4,Nord,325.36
2026-02-22,C056,Produit_4,43.6,2,Est,87.2
2025-09-28,C075,Produit_9,42.97,3,Est,128.91
2026-03-04,C071,Produit_10,66.73,4,Sud,266.92
2025-11-20,C077,Produit_3,83.06,5,Est,415.3
2026-01-21,C068,Produit_2,95.98,2,Sud,191.96
2026-01-29,C098,Produit_4,54.44,5,Sud,272.2
2026-01-19,C091,Produit_5,50.9,2,Est,101.8
2026-03-16,C089,Produit_1,12.51,2,Est,25.02
2025-11-19,C093,Produit_2,96.0,2,Est,192.0
2025-11-21,C032,Produit_3,37.42,1,Nord,37.42
2025-11-13,C061,Produit_5,16.82,2,Est,33.64
2025-12-05,C005,Produit_4,39.43,5,Ouest,197.15
2025-10-05,C007,Produit_1,37.88,5,Ouest,189.4
2026-03-01,C042,Produit_1,10.84,5,Nord,54.2
2025-11-06,C100,Produit_10,96.46,5,Nord,482.29999999999995
2025-10-08,C026,Produit_6,10.24,3,Ouest,30.72
2026-02-11,C045,Produit_6,42.52,2,Sud,85.04
2025-12-22,C047,Produit_7,23.46,3,Sud,70.38
2026-03-11,C010,Produit_6,68.23,2,Nord,136.46
2025-12-04,C026,Produit_6,87.51,5,Nord,437.55
2025-12-21,C093,Produit_5,11.3,4,Ouest,45.2
2025-12-28,C081,Produit_4,30.02,2,Sud,60.04
2025-12-14,C016,Produit_9,16.93,5,Est,84.65
2025-12-03,C065,Produit_4,10.39,3,Est,31.17
2025-10-06,C091,Produit_10,78.34,2,Sud,156.68
2025-11-10,C064,Produit_7,60.81,4,Sud,243.24
2025-11-10,C090,Produit_4,34.35,2,Ouest,68.7
2025-10-18,C034,Produit_9,95.17,5,Est,475.85
2026-02-19,C055,Produit_7,17.66,5,Est,88.3
2026-01-16,C029,Produit_8,11.28,5,Nord,56.4
2025-10-23,C092,Produit_1,86.19,5,Nord,430.95
2025-10-11,C073,Produit_8,32.0,5,Sud,160.0
2025-11-15,C076,Produit_3,14.14,1,Nord,14.14
2026-03-12,C048,Produit_9,73.74,4,Ouest,294.96
2026-01-13,C097,Produit_1,98.81,1,Est,98.81
2025-12-10,C075,Produit_7,94.85,5,Ouest,474.25
2025-12-29,C088,Produit_4,92.93,2,Est,185.86
2026-02-19,C049,Produit_10,61.21,5,Ouest,306.05
2025-11-26,C041,Produit_6,15.09,2,Ouest,30.18
2026-03-07,C056,Produit_7,61.84,1,Sud,61.84
2025-10-01,C042,Produit_5,67.06,2,Est,134.12
2026-02-06,C087,Produit_4,30.73,4,Nord,122.92
2026-01-27,C093,Produit_2,60.17,2,Est,120.34
2026-01-02,C059,Produit_6,83.55,2,Nord,167.1
2026-03-12,C081,Produit_9,95.22,3,Sud,285.65999999999997
2026-03-22,C099,Produit_7,78.95,4,Nord,315.8
2025-10-01,C077,Produit_1,98.94,2,Ouest,197.88
2025-12-09,C089,Produit_2,59.63,3,Ouest,178.89000000000001
2026-01-05,C050,Produit_2,40.44,4,Est,161.76
2026-01-03,C081,Produit_10,95.22,1,Est,95.22
2026-01-11,C007,Produit_9,68.89,1,Est,68.89
2026-01-16,C041,Produit_5,57.1,1,Nord,57.1
2025-12-23,C090,Produit_10,27.67,2,Ouest,55.34
2026-03-20,C073,Produit_10,98.57,5,Nord,492.84999999999997
2025-10-26,C042,Produit_1,41.42,1,Sud,41.42
2026-01-18,C007,Produit_8,88.24,1,Est,88.24
2025-12-08,C060,Produit_9,15.02,5,Nord,75.1
2026-01-30,C090,Produit_7,48.12,5,Nord,240.6
2025-11-16,C086,Produit_10,12.69,4,Ouest,50.76
2025-12-03,C092,Produit_2,69.99,1,Ouest,69.99
2026-03-22,C006,Produit_2,54.38,5,Nord,271.90000000000003
2026-02-12,C096,Produit_5,14.32,4,Nord,57.28
2025-10-29,C100,Produit_2,63.27,1,Ouest,63.27
2025-09-28,C063,Produit_5,92.49,3,Sud,277.46999999999997
2025-10-08,C020,Produit_7,71.45,4,Ouest,285.8
2025-12-10,C083,Produit_6,41.51,2,Nord,83.02
2026-02-22,C025,Produit_6,68.46,5,Nord,342.29999999999995
2025-11-02,C051,Produit_1,90.98,4,Nord,363.92
2026-01-07,C050,Produit_9,31.02,2,Nord,62.04
2026-02-20,C010,Produit_6,30.8,5,Ouest,154.0
2026-03-02,C032,Produit_5,37.16,4,Ouest,148.64
2025-11-24,C100,Produit_6,22.93,1,Sud,22.93
2026-02-11,C077,Produit_10,98.6,1,Sud,98.6
2025-11-21,C042,Produit_9,82.07,1,Ouest,82.07
2025-12-05,C100,Produit_6,19.1,3,Ouest,57.300000000000004
2026-01-29,C024,Produit_8,44.27,4,Nord,177.08
2026-02-24,C016,Produit_2,60.02,5,Ouest,300.1
2026-03-16,C011,Produit_7,82.37,2,Sud,164.74
2026-02-02,C098,Produit_8,11.71,2,Sud,23.42
2025-09-27,C094,Produit_4,82.11,2,Nord,164.22
2025-12-26,C054,Produit_2,57.61,1,Nord,57.61
2025-09-29,C031,Produit_10,52.85,1,Nord,52.85
2026-03-24,C077,Produit_5,27.19,1,Nord,27.19
2026-03-16,C025,Produit_7,59.1,5,Nord,295.5
2025-12-19,C035,Produit_3,16.02,3,Est,48.06
2025-12-08,C091,Produit_5,49.1,5,Nord,245.5
2025-12-07,C087,Produit_9,53.15,2,Ouest,106.3
2025-12-12,C056,Produit_2,40.68,4,Sud,162.72
2026-02-17,C027,Produit_6,28.54,2,Nord,57.08
2025-10-10,C022,Produit_6,83.56,4,Ouest,334.24
2025-11-19,C083,Produit_4,99.17,2,Ouest,198.34
2025-12-08,C076,Produit_10,33.85,5,Nord,169.25
2025-10-29,C032,Produit_4,31.31,5,Ouest,156.54999999999998
2025-10-27,C006,Produit_5,76.97,3,Nord,230.91
2025-12-06,C013,Produit_5,81.61,3,Est,244.82999999999998
2025-10-13,C050,Produit_8,28.2,3,Sud,84.6
2026-02-07,C058,Produit_10,29.39,3,Sud,88.17
2025-09-28,C067,Produit_2,95.73,5,Est,478.65000000000003
2026-01-09,C099,Produit_2,95.84,2,Sud,191.68
2026-02-17,C023,Produit_5,22.89,4,Est,91.56
2026-01-06,C008,Produit_9,51.04,3,Est,153.12
2026-02-02,C098,Produit_4,56.87,5,Est,284.34999999999997
2025-11-27,C059,Produit_1,10.8,3,Est,32.400000000000006
2025-11-17,C088,Produit_7,80.45,1,Nord,80.45
2026-03-16,C051,Produit_6,96.36,2,Sud,192.72
2026-01-29,C041,Produit_3,38.25,1,Sud,38.25
2025-11-30,C005,Produit_2,58.31,5,Est,291.55
2026-02-23,C076,Produit_1,84.29,5,Nord,421.45000000000005
2025-11-20,C026,Produit_2,10.7,5,Ouest,53.5
2026-02-12,C086,Produit_2,24.18,4,Est,96.72
2025-09-26,C009,Produit_4,77.72,2,Sud,155.44
2025-12-20,C050,Produit_5,40.79,5,Est,203.95
2025-12-23,C082,Produit_7,19.39,4,Nord,77.56
2025-09-25,C052,Produit_1,11.96,5,Ouest,59.800000000000004
2026-02-19,C073,Produit_3,80.86,2,Sud,161.72
2026-01-21,C034,Produit_7,68.93,5,Nord,344.65000000000003
2025-12-21,C086,Produit_5,94.56,3,Est,283.68
2025-09-28,C012,Produit_4,78.36,5,Sud,391.8
2025-11-12,C017,Produit_6,49.42,1,Sud,49.42
2026-02-09,C010,Produit_3,58.55,4,Sud,234.2
2026-01-06,C035,Produit_4,89.42,1,Sud,89.42
2025-12-12,C091,Produit_10,57.95,2,Ouest,115.9
2026-03-09,C092,Produit_3,17.65,1,Est,17.65
2025-12-12,C079,Produit_9,58.72,5,Ouest,293.6
2026-02-28,C077,Produit_9,44.21,5,Ouest,221.05
2026-01-09,C099,Produit_1,87.04,1,Nord,87.04
2025-12-03,C081,Produit_9,57.44,4,Ouest,229.76
2025-09-25,C021,Produit_6,62.95,3,Sud,188.85000000000002
2026-01-31,C098,Produit_7,64.64,1,Nord,64.64
2025-11-30,C027,Produit_7,75.19,4,Ouest,300.76
2026-03-12,C044,Produit_1,51.49,1,Nord,51.49
2026-03-07,C005,Produit_9,87.81,3,Nord,263.43
2026-01-08,C030,Produit_3,14.76,2,Sud,29.52
2025-12-08,C092,Produit_3,73.33,1,Est,73.33
2025-12-31,C063,Produit_8,33.92,2,Est,67.84
2026-01-28,C001,Produit_7,68.59,1,Sud,68.59
2026-03-07,C012,Produit_4,94.58,2,Ouest,189.16
2026-02-16,C022,Produit_10,42.16,2,Sud,84.32
2026-03-08,C032,Produit_4,16.0,2,Sud,32.0
2026-01-15,C067,Produit_4,71.81,2,Ouest,143.62
2025-11-24,C001,Produit_5,20.59,3,Nord,61.769999999999996
2026-03-14,C003,Produit_7,32.05,2,Est,64.1
2026-01-07,C008,Produit_4,86.31,3,Nord,258.93
2026-03-15,C043,Produit_3,72.23,3,Ouest,216.69
2026-03-19,C003,Produit_5,45.31,5,Sud,226.55
2026-02-05,C023,Produit_4,30.46,2,Nord,60.92
2026-03-13,C088,Produit_2,23.68,2,Ouest,47.36
2025-10-05,C079,Produit_10,99.74,1,Ouest,99.74
2025-10-18,C095,Produit_4,60.78,4,Ouest,243.12
2025-12-13,C062,Produit_5,16.56,5,Est,82.8
2025-12-30,C077,Produit_10,82.15,4,Sud,328.6
2025-12-09,C031,Produit_5,10.39,3,Est,31.17
2026-02-18,C072,Produit_10,35.75,3,Sud,107.25
2026-02-12,C006,Produit_1,13.12,4,Sud,52.48
2026-02-08,C076,Produit_2,28.39,1,Sud,28.39
2026-03-14,C029,Produit_10,89.22,4,Ouest,356.88
2025-12-03,C050,Produit_3,96.46,2,Est,192.92
2026-02-27,C030,Produit_10,40.65,4,Sud,162.6
2025-10-16,C087,Produit_4,71.82,3,Nord,215.45999999999998
2025-11-22,C015,Produit_7,60.81,1,Ouest,60.81
2026-01-13,C017,Produit_5,58.61,5,Est,293.05
2025-10-07,C082,Produit_1,50.71,3,Sud,152.13
2025-12-26,C064,Produit_8,83.69,4,Ouest,334.76
2025-10-23,C032,Produit_3,63.1,1,Nord,63.1
2025-10-01,C060,Produit_1,41.52,2,Ouest,83.04
2026-02-12,C025,Produit_9,95.55,4,Sud,382.2
2025-11-28,C068,Produit_4,63.53,2,Nord,127.06
2026-03-05,C018,Produit_3,16.22,3,Est,48.66
2025-11-20,C082,Produit_9,16.62,3,Sud,49.86
2026-02-20,C044,Produit_10,37.0,4,Est,148.0
2025-12-27,C096,Produit_7,66.56,3,Sud,199.68
2025-10-13,C100,Produit_1,81.42,4,Est,325.68
2026-01-22,C002,Produit_6,70.77,3,Ouest,212.31
2026-02-27,C096,Produit_8,92.34,5,Ouest,461.70000000000005
2025-12-30,C063,Produit_6,39.65,1,Ouest,39.65
2025-12-27,C086,Produit_6,54.57,2,Ouest,109.14
2026-03-08,C065,Produit_9,42.27,5,Ouest,211.35000000000002
2025-11-13,C027,Produit_7,83.21,2,Est,166.42
2026-02-15,C005,Produit_9,54.86,1,Est,54.86
2026-03-17,C061,Produit_4,19.41,4,Sud,77.64
2025-10-14,C009,Produit_7,66.63,1,Est,66.63
2026-02-21,C063,Produit_8,61.66,5,Est,308.29999999999995
2025-10-07,C023,Produit_9,76.0,4,Nord,304.0
2025-12-05,C059,Produit_2,54.31,3,Nord,162.93
2025-10-03,C040,Produit_6,75.12,2,Est,150.24
2025-09-26,C094,Produit_5,51.95,3,Sud,155.85000000000002
2026-03-22,C039,Produit_6,71.89,2,Sud,143.78
2025-11-28,C066,Produit_10,29.4,4,Nord,117.6
2026-01-27,C076,Produit_4,53.55,2,Ouest,107.1
2026-03-14,C008,Produit_3,46.39,4,Sud,185.56
2025-10-19,C079,Produit_6,36.57,3,Nord,109.71000000000001
2026-03-16,C034,Produit_1,62.94,3,Ouest,188.82
2025-10-03,C007,Produit_9,95.01,4,Nord,380.04
2026-03-21,C045,Produit_8,54.14,3,Ouest,162.42000000000002
2026-01-14,C023,Produit_10,17.23,3,Sud,51.69
2026-03-06,C005,Produit_3,67.93,4,Est,271.72
2026-02-18,C051,Produit_3,83.08,2,Ouest,166.16
2025-10-09,C069,Produit_4,77.9,3,Est,233.70000000000002
2026-03-14,C030,Produit_3,27.48,2,Nord,54.96
2026-01-31,C081,Produit_9,98.52,2,Ouest,197.04
2025-12-04,C068,Produit_5,28.34,2,Est,56.68
2025-11-14,C099,Produit_4,85.92,2,Nord,171.84
2025-11-14,C007,Produit_6,13.85,3,Est,41.55
2025-09-30,C043,Produit_8,58.41,4,Ouest,233.64
2025-12-31,C016,Produit_7,89.76,2,Nord,179.52
2025-12-22,C071,Produit_4,38.01,2,Nord,76.02
2026-01-25,C023,Produit_8,83.11,1,Sud,83.11
2026-02-12,C089,Produit_6,64.75,1,Est,64.75
2025-12-02,C070,Produit_6,65.6,2,Nord,131.2
2026-02-24,C083,Produit_8,65.07,5,Est,325.34999999999997
2025-11-08,C004,Produit_4,97.56,5,Ouest,487.8
2025-12-26,C006,Produit_6,43.85,5,Est,219.25
2025-11-03,C093,Produit_10,11.9,4,Ouest,47.6
2026-01-17,C076,Produit_5,74.95,1,Ouest,74.95
2025-10-01,C075,Produit_2,47.14,1,Est,47.14
2025-12-18,C094,Produit_4,36.68,2,Ouest,73.36
2025-12-18,C039,Produit_10,93.53,4,Sud,374.12
2025-12-09,C080,Produit_10,11.12,1,Est,11.12
2025-12-03,C077,Produit_7,32.35,1,Sud,32.35
2025-10-05,C039,Produit_4,38.26,2,Sud,76.52
2025-12-07,C013,Produit_8,24.72,2,Est,49.44
2025-10-04,C098,Produit_6,43.19,3,Sud,129.57
2026-01-22,C031,Produit_2,81.76,3,Ouest,245.28000000000003
2026-01-10,C021,Produit_5,87.53,4,Ouest,350.12
2025-12-11,C080,Produit_2,16.35,4,Est,65.4
2026-01-19,C089,Produit_7,53.71,1,Est,53.71
2025-10-29,C042,Produit_8,48.36,2,Nord,96.72
2025-11-15,C009,Produit_3,18.45,1,Nord,18.45
2025-10-21,C023,Produit_4,35.6,2,Est,71.2
2025-10-13,C035,Produit_7,58.96,2,Sud,117.92
2025-10-27,C029,Produit_5,61.41,1,Ouest,61.41
2025-10-12,C042,Produit_2,35.98,5,Nord,179.89999999999998
2026-03-07,C046,Produit_1,41.89,4,Ouest,167.56
2025-10-10,C004,Produit_6,30.77,5,Ouest,153.85
2026-01-02,C065,Produit_9,16.86,2,Ouest,33.72
2025-11-20,C020,Produit_2,19.68,2,Est,39.36
2026-01-01,C042,Produit_3,70.37,4,Est,281.48
2025-11-12,C048,Produit_4,34.49,5,Ouest,172.45000000000002
2025-10-27,C080,Produit_1,11.81,2,Ouest,23.62
2026-01-01,C024,Produit_9,34.62,4,Nord,138.48
2025-10-27,C069,Produit_7,32.25,1,Ouest,32.25
2026-03-12,C094,Produit_10,49.65,5,Sud,248.25
2025-12-05,C059,Produit_3,66.76,4,Nord,267.04
2025-12-31,C093,Produit_7,60.86,1,Est,60.86
2026-03-09,C044,Produit_6,57.33,5,Nord,286.65
2026-02-24,C027,Produit_2,10.38,2,Est,20.76
2025-11-23,C069,Produit_3,66.64,4,Sud,266.56
2026-01-22,C081,Produit_1,84.57,4,Ouest,338.28
2026-03-12,C072,Produit_6,54.27,1,Ouest,54.27
2025-12-20,C063,Produit_10,98.07,2,Sud,196.14
2026-02-28,C066,Produit_6,45.28,3,Sud,135.84
2026-03-21,C043,Produit_5,99.52,1,Sud,99.52
2025-12-24,C034,Produit_2,56.81,1,Ouest,56.81
2025-12-05,C093,Produit_10,76.15,5,Sud,380.75
2025-10-23,C098,Produit_1,83.8,4,Est,335.2
2025-09-26,C031,Produit_4,76.36,5,Nord,381.8
2026-02-11,C079,Produit_7,10.31,3,Sud,30.93
2026-02-08,C008,Produit_5,61.76,1,Ouest,61.76
2025-09-28,C037,Produit_3,77.3,2,Nord,154.6
2025-11-02,C100,Produit_9,24.45,2,Est,48.9
2025-11-04,C003,Produit_4,44.11,5,Est,220.55
2026-02-28,C077,Produit_4,38.96,4,Est,155.84
2025-12-09,C098,Produit_3,23.66,3,Nord,70.98
2025-12-10,C002,Produit_2,72.79,2,Sud,145.58
2026-03-08,C086,Produit_6,36.08,3,Ouest,108.24
2025-11-19,C011,Produit_4,12.97,1,Nord,12.97
2025-12-03,C029,Produit_2,79.03,5,Sud,395.15
2025-10-10,C049,Produit_6,71.32,5,Est,356.59999999999997
2025-12-09,C030,Produit_3,28.39,2,Nord,56.78
2025-11-25,C010,Produit_9,27.94,4,Est,111.76
2026-02-15,C078,Produit_7,25.21,5,Ouest,126.05000000000001
2026-03-19,C080,Produit_3,17.65,4,Nord,70.6
2025-09-29,C022,Produit_5,68.96,1,Nord,68.96
2025-10-12,C073,Produit_1,30.11,1,Nord,30.11
2026-03-26,C049,Produit_4,80.33,5,Sud,401.65
2025-11-13,C098,Produit_3,20.87,3,Ouest,62.61
2026-03-02,C075,Produit_5,15.55,2,Nord,31.1
2025-12-27,C068,Produit_7,26.03,3,Nord,78.09
2025-12-28,C015,Produit_5,24.36,3,Sud,73.08
2025-10-16,C008,Produit_8,90.89,5,Ouest,454.45
2025-10-02,C099,Produit_7,53.71,1,Nord,53.71
2025-10-26,C016,Produit_5,19.92,2,Sud,39.84
2026-02-01,C038,Produit_2,89.38,3,Ouest,268.14
2026-02-22,C084,Produit_1,92.51,3,Ouest,277.53000000000003
2026-02-04,C090,Produit_6,62.59,4,Ouest,250.36
2026-02-27,C010,Produit_5,38.13,2,Ouest,76.26
2026-02-25,C052,Produit_3,81.65,5,Est,408.25
2025-11-24,C029,Produit_7,16.51,3,Nord,49.53
2025-10-17,C093,Produit_8,63.86,5,Ouest,319.3
2025-10-30,C044,Produit_2,96.08,4,Nord,384.32
2025-11-22,C082,Produit_4,42.64,2,Est,85.28
2025-11-29,C097,Produit_4,57.2,4,Ouest,228.8
2026-02-22,C045,Produit_3,46.36,1,Sud,46.36
2025-12-27,C088,Produit_6,43.69,3,Est,131.07
2025-11-13,C026,Produit_2,35.94,4,Sud,143.76
2026-02-22,C026,Produit_3,98.26,3,Ouest,294.78000000000003
2025-10-29,C029,Produit_4,90.97,4,Ouest,363.88
2026-01-29,C083,Produit_4,74.59,4,Est,298.36
2026-03-24,C076,Produit_10,43.08,1,Est,43.08
2025-11-26,C005,Produit_4,94.14,2,Nord,188.28
2025-12-07,C066,Produit_4,74.77,5,Est,373.84999999999997
2025-11-12,C037,Produit_9,48.22,3,Nord,144.66
2025-10-09,C085,Produit_6,28.65,3,Nord,85.94999999999999
2025-11-29,C056,Produit_4,57.17,4,Ouest,228.68
2025-10-10,C017,Produit_9,78.8,3,Nord,236.39999999999998
2025-10-04,C029,Produit_9,13.5,4,Est,54.0
2025-12-07,C044,Produit_9,11.42,2,Ouest,22.84
2025-10-23,C005,Produit_8,14.1,5,Nord,70.5
2025-12-26,C009,Produit_6,27.3,5,Sud,136.5
2025-12-25,C043,Produit_7,43.06,1,Nord,43.06
2026-02-21,C091,Produit_10,88.24,4,Sud,352.96
2025-10-11,C002,Produit_3,90.26,1,Sud,90.26
2026-03-09,C048,Produit_3,20.1,5,Est,100.5
2026-03-03,C074,Produit_3,70.13,1,Sud,70.13
2025-12-13,C089,Produit_4,19.12,2,Nord,38.24
2025-10-14,C078,Produit_9,43.53,4,Sud,174.12
2026-01-13,C010,Produit_4,71.66,3,Ouest,214.98
2026-01-25,C081,Produit_3,90.52,3,Sud,271.56
2025-11-16,C025,Produit_1,66.94,4,Ouest,267.76
2026-01-10,C053,Produit_9,92.16,1,Est,92.16
2025-11-06,C045,Produit_2,13.88,1,Est,13.88
2025-12-08,C070,Produit_6,58.36,1,Sud,58.36
2026-01-11,C050,Produit_6,32.58,5,Nord,162.89999999999998
2025-11-13,C021,Produit_1,50.2,3,Ouest,150.60000000000002
2025-12-11,C031,Produit_4,86.43,4,Ouest,345.72
2026-01-30,C028,Produit_2,66.99,2,Sud,133.98
2025-11-23,C067,Produit_4,94.46,4,Ouest,377.84
2025-10-08,C013,Produit_9,88.69,1,Ouest,88.69
2025-11-21,C090,Produit_4,12.81,3,Sud,38.43
2026-01-11,C004,Produit_2,60.92,1,Est,60.92
2025-12-26,C079,Produit_4,80.53,5,Nord,402.65
2025-12-08,C071,Produit_8,62.6,5,Ouest,313.0
2026-01-08,C074,Produit_8,12.08,1,Est,12.08
2025-10-08,C093,Produit_7,47.93,2,Sud,95.86
2026-03-13,C008,Produit_2,53.02,3,Nord,159.06
2025-12-07,C069,Produit_1,26.32,5,Est,131.6
2025-10-07,C020,Produit_5,62.45,4,Ouest,249.8
2025-11-13,C078,Produit_6,51.18,3,Est,153.54
2026-01-21,C050,Produit_3,79.39,1,Ouest,79.39
2026-01-07,C093,Produit_6,86.88,2,Nord,173.76
2026-01-26,C062,Produit_10,67.67,1,Sud,67.67
2026-03-08,C011,Produit_6,26.42,2,Nord,52.84
2025-11-22,C016,Produit_8,18.53,2,Ouest,37.06
2025-09-29,C009,Produit_7,70.74,2,Sud,141.48
2026-03-19,C047,Produit_2,28.36,5,Ouest,141.8
2026-01-28,C050,Produit_5,68.79,4,Sud,275.16
2025-12-22,C048,Produit_8,47.68,4,Est,190.72
2025-10-24,C026,Produit_8,89.47,5,Sud,447.35
2026-03-13,C043,Produit_4,94.94,4,Nord,379.76
2025-12-18,C016,Produit_4,81.95,2,Nord,163.9
2026-02-23,C054,Produit_4,87.07,5,Sud,435.34999999999997
2025-12-13,C015,Produit_9,84.07,2,Ouest,168.14
2025-11-05,C005,Produit_7,69.16,3,Est,207.48
2025-10-03,C079,Produit_3,17.69,3,Est,53.07000000000001
2025-10-11,C034,Produit_8,36.26,2,Ouest,72.52
2025-10-16,C011,Produit_10,70.53,2,Ouest,141.06
2026-03-08,C035,Produit_7,35.71,5,Est,178.55
2026-02-28,C094,Produit_10,55.55,5,Nord,277.75
2026-01-17,C100,Produit_6,19.92,2,Ouest,39.84
2026-03-11,C075,Produit_4,34.41,5,Est,172.04999999999998
2025-11-24,C066,Produit_6,38.3,4,Est,153.2
2025-12-04,C026,Produit_7,91.1,5,Est,455.5
2026-01-12,C082,Produit_8,16.48,5,Nord,82.4
2025-12-08,C025,Produit_4,20.44,5,Ouest,102.2
2025-10-01,C051,Produit_5,73.5,5,Ouest,367.5
2025-12-31,C013,Produit_10,19.57,2,Nord,39.14
2025-12-11,C033,Produit_10,51.94,1,Est,51.94
2025-09-30,C051,Produit_4,19.95,1,Nord,19.95
2026-01-02,C019,Produit_2,73.82,1,Nord,73.82
2026-02-02,C069,Produit_7,42.93,2,Est,85.86
2025-10-06,C027,Produit_10,78.57,1,Nord,78.57
2026-01-09,C052,Produit_7,26.7,4,Nord,106.8
2026-03-17,C092,Produit_2,85.4,5,Nord,427.0
2026-02-05,C100,Produit_8,75.82,1,Ouest,75.82
2026-01-05,C047,Produit_10,62.23,1,Sud,62.23
